Date,Open,High,Low,Close,percentage_change
1/1/2019,0.002346,0.002392,0.002322,0.002392,1.923076923
1/2/2019,0.002388,0.002458,0.002372,0.002407,0.789364354
1/3/2019,0.002404,0.002414,0.002356,0.00236,-1.86440678
1/4/2019,0.002364,0.002397,0.002274,0.002315,-2.11663067
1/5/2019,0.00232,0.00235,0.00228,0.002319,-0.043122035
1/6/2019,0.002313,0.002371,0.002291,0.002328,0.644329897
1/7/2019,0.002328,0.002335,0.002275,0.002285,-1.881838074
1/8/2019,0.002298,0.002321,0.002261,0.002276,-0.966608084
1/9/2019,0.002278,0.002307,0.002255,0.002266,-0.52956752
1/10/2019,0.002263,0.002295,0.002085,0.002132,-6.144465291
1/11/2019,0.002129,0.002149,0.002105,0.002129,0
1/12/2019,0.00213,0.002158,0.002115,0.002148,0.837988827
1/13/2019,0.002137,0.002171,0.002083,0.002094,-2.053486151
1/14/2019,0.002102,0.002198,0.002097,0.002183,3.710490151
1/15/2019,0.002178,0.002188,0.002098,0.002111,-3.173851255
1/16/2019,0.002108,0.002141,0.002084,0.002138,1.403180543
1/17/2019,0.002133,0.002147,0.00208,0.002094,-1.862464183
1/18/2019,0.002093,0.002117,0.002084,0.002106,0.617283951
1/19/2019,0.002104,0.00216,0.002089,0.002153,2.275894101
1/20/2019,0.002153,0.002153,0.002082,0.002119,-1.604530439
1/21/2019,0.002106,0.002122,0.002066,0.002101,-0.237981913
1/22/2019,0.002099,0.002112,0.002033,0.002057,-2.041808459
1/23/2019,0.002055,0.002068,0.002021,0.002043,-0.587371512
1/24/2019,0.002045,0.002073,0.002013,0.002039,-0.294261893
1/25/2019,0.002057,0.002183,0.002027,0.002118,2.880075543
1/26/2019,0.002094,0.002152,0.00203,0.002083,-0.528084494
1/27/2019,0.002082,0.002096,0.002009,0.002027,-2.713369512
1/28/2019,0.002026,0.002028,0.001927,0.001944,-4.218106996
1/29/2019,0.001947,0.00197,0.001917,0.001927,-1.037882719
1/30/2019,0.001925,0.00197,0.001914,0.001961,1.835798062
1/31/2019,0.001963,0.001987,0.001912,0.001925,-1.974025974
2/1/2019,0.001926,0.001928,0.001893,0.001916,-0.521920668
2/2/2019,0.001914,0.001956,0.001896,0.001936,1.136363636
2/3/2019,0.001932,0.001957,0.00189,0.001904,-1.470588235
2/4/2019,0.001904,0.001932,0.001877,0.001896,-0.421940928
2/5/2019,0.001899,0.001913,0.00188,0.001888,-0.582627119
2/6/2019,0.001886,0.001902,0.001837,0.001866,-1.071811361
2/7/2019,0.001869,0.00189,0.001839,0.001845,-1.300813008
2/8/2019,0.001847,0.001957,0.001835,0.001956,5.572597137
2/9/2019,0.001952,0.001996,0.001923,0.001949,-0.15392509
2/10/2019,0.001951,0.001953,0.001912,0.001946,-0.256937307
2/11/2019,0.001946,0.001946,0.001899,0.001906,-2.098635887
2/12/2019,0.001904,0.001911,0.001873,0.001894,-0.527983105
2/13/2019,0.001894,0.00191,0.001885,0.001893,-0.052826202
2/14/2019,0.001891,0.001909,0.001885,0.001897,0.316288877
2/15/2019,0.001896,0.001915,0.001889,0.001908,0.628930818
2/16/2019,0.001907,0.001929,0.001895,0.001924,0.883575884
2/17/2019,0.001923,0.001993,0.001915,0.001992,3.463855422
2/18/2019,0.001993,0.002124,0.001993,0.002114,5.723746452
2/19/2019,0.002116,0.002139,0.002056,0.002067,-2.370585389
2/20/2019,0.002065,0.002081,0.002044,0.002079,0.673400673
2/21/2019,0.002066,0.002078,0.002022,0.002028,-1.873767258
2/22/2019,0.00203,0.002071,0.002024,0.002056,1.26459144
2/23/2019,0.002055,0.002111,0.002034,0.002083,1.344215074
2/24/2019,0.002088,0.002125,0.001955,0.001974,-5.775075988
2/25/2019,0.001973,0.002045,0.00193,0.00203,2.807881773
2/26/2019,0.002029,0.00205,0.001992,0.002023,-0.296589224
2/27/2019,0.002024,0.002033,0.001954,0.002019,-0.24764735
2/28/2019,0.002018,0.002024,0.001968,0.001976,-2.125506073
3/1/2019,0.001976,0.00202,0.001976,0.001994,0.902708124
3/2/2019,0.001992,0.002013,0.00198,0.002003,0.549176236
3/3/2019,0.002002,0.002024,0.001991,0.001999,-0.150075038
3/4/2019,0.002004,0.002011,0.001968,0.001982,-1.109989909
3/5/2019,0.001981,0.002003,0.001961,0.001985,0.201511335
3/6/2019,0.001985,0.001992,0.001967,0.001983,-0.100857287
3/7/2019,0.001982,0.002015,0.001966,0.001991,0.452034154
3/8/2019,0.001992,0.001998,0.001968,0.00198,-0.606060606
3/9/2019,0.001982,0.002015,0.001972,0.001998,0.800800801
3/10/2019,0.002,0.002004,0.001979,0.001999,-0.050025013
3/11/2019,0.002001,0.002006,0.001947,0.001966,-1.780264496
3/12/2019,0.001969,0.00203,0.00195,0.002012,2.137176938
3/13/2019,0.002015,0.002053,0.002005,0.002025,0.49382716
3/14/2019,0.002022,0.002044,0.002009,0.002039,0.83374203
3/15/2019,0.002041,0.002058,0.002015,0.002048,0.341796875
3/16/2019,0.002047,0.002099,0.00204,0.002077,1.444390948
3/17/2019,0.002081,0.00209,0.002057,0.002081,0
3/18/2019,0.002076,0.002094,0.002063,0.002083,0.336053769
3/19/2019,0.002083,0.002106,0.002073,0.002091,0.382592061
3/20/2019,0.002084,0.002092,0.002054,0.002061,-1.115963125
3/21/2019,0.002065,0.002074,0.00204,0.002054,-0.535540409
3/22/2019,0.002051,0.002074,0.002045,0.002052,0.048732943
3/23/2019,0.002057,0.00208,0.002047,0.002064,0.339147287
3/24/2019,0.002062,0.00208,0.002026,0.002054,-0.389483934
3/25/2019,0.002058,0.002066,0.002026,0.002043,-0.734214391
3/26/2019,0.002041,0.002061,0.002026,0.002054,0.632911392
3/27/2019,0.00205,0.002089,0.002042,0.002085,1.678657074
3/28/2019,0.002087,0.002092,0.00206,0.002074,-0.6268081
3/29/2019,0.002076,0.002102,0.002056,0.002087,0.527072353
3/30/2019,0.002091,0.002166,0.002065,0.00208,-0.528846154
3/31/2019,0.002081,0.0021,0.00207,0.00208,-0.048076923
4/1/2019,0.002082,0.002532,0.002078,0.002461,15.4002438
4/2/2019,0.002459,0.002863,0.002394,0.002795,12.02146691
4/3/2019,0.002777,0.003656,0.002771,0.003164,12.23135272
4/4/2019,0.003158,0.004096,0.003134,0.003697,14.57938869
4/5/2019,0.003679,0.003755,0.003409,0.00359,-2.479108635
4/6/2019,0.003594,0.003594,0.003415,0.003439,-4.507124164
4/7/2019,0.00344,0.003517,0.003256,0.003418,-0.643651258
4/8/2019,0.003428,0.003437,0.003012,0.003045,-12.57799672
4/9/2019,0.003044,0.00307,0.002812,0.002884,-5.547850208
4/10/2019,0.002881,0.00308,0.002872,0.003021,4.634227077
4/11/2019,0.003019,0.003031,0.002738,0.002789,-8.246683399
4/12/2019,0.002791,0.002873,0.002725,0.002856,2.275910364
4/13/2019,0.002852,0.002906,0.00282,0.002872,0.69637883
4/14/2019,0.002873,0.002903,0.002837,0.002882,0.312283137
4/15/2019,0.002884,0.002923,0.002743,0.00279,-3.369175627
4/16/2019,0.00279,0.002856,0.002738,0.002835,1.587301587
4/17/2019,0.002837,0.002861,0.002759,0.00281,-0.960854093
4/18/2019,0.002816,0.002958,0.002806,0.002946,4.412763069
4/19/2019,0.002945,0.002948,0.002875,0.002893,-1.797442102
4/20/2019,0.002892,0.002903,0.00286,0.002902,0.344589938
4/21/2019,0.0029,0.002906,0.002724,0.00276,-5.072463768
4/22/2019,0.002758,0.002824,0.002726,0.002798,1.429592566
4/23/2019,0.002804,0.002856,0.002767,0.002772,-1.154401154
4/24/2019,0.002775,0.002779,0.002549,0.002599,-6.771835321
4/25/2019,0.002595,0.00262,0.00249,0.002506,-3.551476457
4/26/2019,0.002499,0.002526,0.002453,0.002519,0.793965859
4/27/2019,0.002515,0.002545,0.002489,0.002516,0.039745628
4/28/2019,0.00252,0.002563,0.002502,0.002531,0.434610826
4/29/2019,0.002527,0.002551,0.002443,0.002466,-2.473641525
4/30/2019,0.002469,0.002519,0.002443,0.002513,1.750895344
5/1/2019,0.00251,0.002551,0.002477,0.002521,0.436334788
5/2/2019,0.002525,0.002656,0.002516,0.002611,3.293757181
5/3/2019,0.00261,0.002753,0.002595,0.002721,4.07938258
5/4/2019,0.002698,0.002783,0.002608,0.00268,-0.671641791
5/5/2019,0.002709,0.002709,0.002622,0.002653,-2.110817942
5/6/2019,0.002633,0.002661,0.002515,0.002542,-3.579858379
5/7/2019,0.002544,0.002632,0.002536,0.002536,-0.315457413
5/8/2019,0.002534,0.002572,0.002505,0.002537,0.118249901
5/9/2019,0.002536,0.002554,0.002467,0.0025,-1.44
5/10/2019,0.002503,0.002559,0.002449,0.002522,0.753370341
5/11/2019,0.002515,0.002799,0.002513,0.002754,8.678286129
5/12/2019,0.002757,0.00282,0.002612,0.002665,-3.452157598
5/13/2019,0.002663,0.002823,0.002649,0.002756,3.374455733
5/14/2019,0.002758,0.003199,0.002747,0.003068,10.10430248
5/15/2019,0.003073,0.003317,0.003052,0.003308,7.103990326
5/16/2019,0.00331,0.003521,0.003114,0.003168,-4.482323232
5/17/2019,0.003169,0.003186,0.002831,0.002962,-6.988521269
5/18/2019,0.002966,0.003054,0.002897,0.003005,1.297836938
5/19/2019,0.003011,0.003195,0.003,0.003178,5.254877281
5/20/2019,0.003179,0.003186,0.002933,0.003041,-4.537980927
5/21/2019,0.003042,0.003112,0.002968,0.003086,1.425793908
5/22/2019,0.003082,0.003091,0.002912,0.002939,-4.865600544
5/23/2019,0.002937,0.00298,0.002795,0.002961,0.810536981
5/24/2019,0.00296,0.003022,0.002932,0.002995,1.168614357
5/25/2019,0.002996,0.003011,0.002958,0.002991,-0.167168171
5/26/2019,0.002987,0.003115,0.002935,0.003092,3.395860285
5/27/2019,0.003099,0.003207,0.003086,0.003141,1.337153773
5/28/2019,0.003142,0.003168,0.003071,0.003148,0.190597205
5/29/2019,0.003149,0.003151,0.003083,0.003127,-0.703549728
5/30/2019,0.003125,0.0036,0.00311,0.003258,4.082259055
5/31/2019,0.003256,0.003443,0.003172,0.003441,5.376344086
6/1/2019,0.003443,0.00352,0.00336,0.003419,-0.701959637
6/2/2019,0.003426,0.003448,0.003342,0.003398,-0.824014126
6/3/2019,0.003397,0.00341,0.003194,0.003198,-6.222639149
6/4/2019,0.003213,0.003213,0.002986,0.003042,-5.621301775
6/5/2019,0.003039,0.003098,0.00298,0.00307,1.009771987
6/6/2019,0.003072,0.003124,0.003005,0.003087,0.485908649
6/7/2019,0.003088,0.003195,0.003059,0.00311,0.707395498
6/8/2019,0.003115,0.003191,0.003017,0.003084,-1.005188067
6/9/2019,0.003077,0.003218,0.002978,0.003012,-2.158034529
6/10/2019,0.003014,0.003135,0.002992,0.003091,2.491103203
6/11/2019,0.00309,0.003143,0.002998,0.003058,-1.046435579
6/12/2019,0.003061,0.003094,0.003019,0.003067,0.19563091
6/13/2019,0.003063,0.003168,0.00303,0.003074,0.357839948
6/14/2019,0.003075,0.003142,0.003037,0.003124,1.568501921
6/15/2019,0.003135,0.003204,0.003097,0.003157,0.696864111
6/16/2019,0.003145,0.003336,0.003135,0.003186,1.2868801
6/17/2019,0.003188,0.003225,0.003125,0.00319,0.062695925
6/18/2019,0.003193,0.003199,0.00311,0.003125,-2.176
6/19/2019,0.003123,0.003154,0.003097,0.00313,0.223642173
6/20/2019,0.003143,0.003204,0.003095,0.003161,0.569440051
6/21/2019,0.003167,0.003251,0.003128,0.003223,1.737511635
6/22/2019,0.003229,0.003354,0.003185,0.003279,1.524855139
6/23/2019,0.003285,0.003496,0.00325,0.003304,0.575060533
6/24/2019,0.003314,0.003431,0.003234,0.003368,1.603325416
6/25/2019,0.003367,0.003395,0.00327,0.003392,0.737028302
6/26/2019,0.003391,0.00345,0.003252,0.003379,-0.355134655
6/27/2019,0.00339,0.003495,0.00299,0.003329,-1.832382097
6/28/2019,0.003332,0.003523,0.003315,0.00349,4.52722063
6/29/2019,0.003479,0.003486,0.003314,0.003405,-2.173274596
6/30/2019,0.003418,0.003446,0.003247,0.003258,-4.910988336
7/1/2019,0.00325,0.003325,0.003093,0.003238,-0.370599135
7/2/2019,0.003237,0.00336,0.00308,0.003204,-1.029962547
7/3/2019,0.003207,0.003336,0.003172,0.003313,3.199517054
7/4/2019,0.003314,0.003357,0.003131,0.003229,-2.63239393
7/5/2019,0.003226,0.004471,0.00313,0.003867,16.57615723
7/6/2019,0.003872,0.003968,0.00347,0.003547,-9.162672681
7/7/2019,0.003553,0.003658,0.003495,0.003633,2.202036884
7/8/2019,0.003635,0.003644,0.003513,0.003559,-2.135431301
7/9/2019,0.003556,0.003615,0.003459,0.003549,-0.197238659
7/10/2019,0.003551,0.0036,0.003364,0.003424,-3.70911215
7/11/2019,0.003417,0.003426,0.003189,0.003243,-5.365402405
7/12/2019,0.003241,0.003368,0.003207,0.00334,2.964071856
7/13/2019,0.003343,0.003351,0.003174,0.003249,-2.893197907
7/14/2019,0.00325,0.003259,0.00301,0.003014,-7.830126078
7/15/2019,0.00302,0.003133,0.002922,0.003092,2.328589909
7/16/2019,0.003093,0.003125,0.002802,0.002825,-9.486725664
7/17/2019,0.002819,0.003177,0.002772,0.00303,6.96369637
7/18/2019,0.003031,0.003145,0.002876,0.003121,2.883691125
7/19/2019,0.00312,0.003135,0.002971,0.003059,-1.994115724
7/20/2019,0.003064,0.003187,0.003038,0.003118,1.73187941
7/21/2019,0.003118,0.003166,0.002983,0.003076,-1.365409623
7/22/2019,0.003076,0.0031,0.002966,0.002997,-2.635969303
7/23/2019,0.003,0.003003,0.002874,0.00288,-4.166666667
7/24/2019,0.00288,0.002917,0.002816,0.002915,1.200686106
7/25/2019,0.00291,0.003018,0.002905,0.002921,0.376583362
7/26/2019,0.002921,0.002949,0.002882,0.002921,0
7/27/2019,0.002923,0.00303,0.002797,0.002823,-3.542330854
7/28/2019,0.002822,0.002887,0.002792,0.002859,1.294158797
7/29/2019,0.002859,0.002897,0.002809,0.00284,-0.669014085
7/30/2019,0.002831,0.002888,0.002801,0.002817,-0.496982606
7/31/2019,0.002816,0.002908,0.002816,0.002899,2.863056226
8/1/2019,0.0029,0.002959,0.00286,0.002957,1.927629354
8/2/2019,0.002957,0.002975,0.002897,0.002909,-1.650051564
8/3/2019,0.002908,0.00296,0.0029,0.002912,0.137362637
8/4/2019,0.002913,0.002984,0.002864,0.002938,0.850918993
8/5/2019,0.002938,0.003162,0.002936,0.003087,4.826692582
8/6/2019,0.003089,0.003316,0.002919,0.00295,-4.711864407
8/7/2019,0.002951,0.00305,0.002938,0.003006,1.829673985
8/8/2019,0.003005,0.003012,0.002858,0.002928,-2.629781421
8/9/2019,0.002929,0.002933,0.002869,0.002904,-0.860881543
8/10/2019,0.002905,0.002929,0.002796,0.002842,-2.216748768
8/11/2019,0.002845,0.002902,0.002839,0.002898,1.828847481
8/12/2019,0.002896,0.002901,0.002869,0.00288,-0.555555556
8/13/2019,0.002883,0.00289,0.002804,0.002825,-2.053097345
8/14/2019,0.002823,0.00283,0.002715,0.002722,-3.71050698
8/15/2019,0.00272,0.002753,0.002584,0.00264,-3.03030303
8/16/2019,0.002641,0.002714,0.002561,0.002681,1.491980604
8/17/2019,0.002684,0.00269,0.002619,0.002646,-1.436130008
8/18/2019,0.002647,0.00273,0.002622,0.002723,2.791039295
8/19/2019,0.002723,0.002827,0.002716,0.002797,2.645691813
8/20/2019,0.002798,0.002807,0.002714,0.002763,-1.266739052
8/21/2019,0.002764,0.00277,0.00262,0.002675,-3.327102804
8/22/2019,0.002676,0.002731,0.002617,0.0027,0.888888889
8/23/2019,0.002709,0.002899,0.002657,0.002713,0.14743826
8/24/2019,0.002713,0.002725,0.002614,0.002661,-1.954152574
8/25/2019,0.002663,0.002888,0.002625,0.002662,-0.03756574
8/26/2019,0.002652,0.002829,0.00264,0.002679,1.007838746
8/27/2019,0.00268,0.002788,0.0026,0.00262,-2.290076336
8/28/2019,0.002622,0.002633,0.002511,0.002524,-3.882725832
8/29/2019,0.002523,0.002524,0.002392,0.00245,-2.979591837
8/30/2019,0.002451,0.002487,0.002427,0.002482,1.248992748
8/31/2019,0.002482,0.002529,0.002459,0.002511,1.154918359
9/1/2019,0.002512,0.002533,0.002443,0.002492,-0.802568218
9/2/2019,0.002492,0.002616,0.002462,0.002596,4.006163328
9/3/2019,0.002598,0.002724,0.00256,0.002595,-0.115606936
9/4/2019,0.002596,0.002695,0.002541,0.00269,3.494423792
9/5/2019,0.00269,0.002692,0.002505,0.002531,-6.282101936
9/6/2019,0.002529,0.00264,0.00246,0.002509,-0.797130331
9/7/2019,0.002515,0.002569,0.002479,0.002515,0
9/8/2019,0.002511,0.00256,0.002469,0.002501,-0.399840064
9/9/2019,0.002509,0.00251,0.002418,0.002461,-1.950426656
9/10/2019,0.002461,0.002489,0.00241,0.002437,-0.984817398
9/11/2019,0.002432,0.002451,0.00239,0.002399,-1.375573155
9/12/2019,0.002398,0.002446,0.002366,0.002425,1.113402062
9/13/2019,0.002425,0.002432,0.002398,0.002426,0.041220115
9/14/2019,0.002427,0.002451,0.002405,0.002441,0.573535436
9/15/2019,0.002443,0.002486,0.002438,0.00246,0.691056911
9/16/2019,0.002462,0.002491,0.00243,0.002455,-0.285132383
9/17/2019,0.002454,0.002615,0.002443,0.002608,5.904907975
9/18/2019,0.002607,0.002993,0.002582,0.002719,4.119161456
9/19/2019,0.002718,0.002734,0.002589,0.002709,-0.332225914
9/20/2019,0.00271,0.002716,0.002645,0.002672,-1.422155689
9/21/2019,0.002667,0.002672,0.002556,0.002586,-3.13225058
9/22/2019,0.002595,0.002609,0.002546,0.002592,-0.115740741
9/23/2019,0.002587,0.0026,0.002482,0.002486,-4.062751408
9/24/2019,0.002489,0.002502,0.002077,0.002228,-11.71454219
9/25/2019,0.002229,0.002243,0.00211,0.002197,-1.456531634
9/26/2019,0.002202,0.002229,0.002076,0.002155,-2.180974478
9/27/2019,0.002155,0.002228,0.002121,0.002221,2.971634399
9/28/2019,0.002222,0.002248,0.002202,0.002234,0.537153089
9/29/2019,0.002238,0.002336,0.002185,0.002223,-0.674763833
9/30/2019,0.002227,0.002416,0.002171,0.002387,6.702974445
10/1/2019,0.002393,0.002497,0.002381,0.002388,-0.209380235
10/2/2019,0.002391,0.002411,0.002314,0.002351,-1.701403658
10/3/2019,0.002349,0.002365,0.00229,0.002325,-1.032258065
10/4/2019,0.002323,0.002363,0.002283,0.00236,1.56779661
10/5/2019,0.002355,0.002377,0.002307,0.002322,-1.42118863
10/6/2019,0.002323,0.002362,0.00229,0.002346,0.980392157
10/7/2019,0.002342,0.002408,0.002305,0.00239,2.008368201
10/8/2019,0.00239,0.002418,0.002324,0.002346,-1.875532822
10/9/2019,0.00234,0.002402,0.002317,0.002388,2.010050251
10/10/2019,0.002392,0.0024,0.00233,0.002332,-2.572898799
10/11/2019,0.002332,0.002383,0.00229,0.002345,0.554371002
10/12/2019,0.002328,0.002383,0.00231,0.00234,0.512820513
10/13/2019,0.002339,0.002618,0.002323,0.002447,4.413567634
10/14/2019,0.002449,0.002636,0.002428,0.002545,3.772102161
10/15/2019,0.002546,0.002565,0.002495,0.00251,-1.434262948
10/16/2019,0.002509,0.002619,0.002506,0.002607,3.759110088
10/17/2019,0.002604,0.002932,0.00259,0.002755,5.480943739
10/18/2019,0.002757,0.002863,0.002668,0.002706,-1.884700665
10/19/2019,0.002704,0.002795,0.002668,0.002743,1.421800948
10/20/2019,0.002742,0.002775,0.002685,0.00273,-0.43956044
10/21/2019,0.002732,0.002813,0.002618,0.002774,1.51405912
10/22/2019,0.002773,0.002776,0.00256,0.002565,-8.109161793
10/23/2019,0.002564,0.002587,0.002389,0.002495,-2.765531062
10/24/2019,0.002491,0.002553,0.002451,0.002538,1.851851852
10/25/2019,0.002539,0.002714,0.002502,0.002684,5.402384501
10/26/2019,0.002684,0.002858,0.002591,0.002622,-2.36460717
10/27/2019,0.002621,0.002747,0.002595,0.002654,1.243406179
10/28/2019,0.002656,0.002722,0.002629,0.002646,-0.377928949
10/29/2019,0.002647,0.002728,0.002644,0.002655,0.301318267
10/30/2019,0.002656,0.002682,0.002597,0.002616,-1.529051988
10/31/2019,0.002618,0.002675,0.002586,0.002615,-0.114722753
11/1/2019,0.002617,0.002639,0.002591,0.00263,0.494296578
11/2/2019,0.002631,0.002651,0.002597,0.002627,-0.152264941
11/3/2019,0.002627,0.002674,0.002622,0.002637,0.379218809
11/4/2019,0.002635,0.002645,0.00259,0.002614,-0.803366488
11/5/2019,0.002613,0.002651,0.002575,0.002624,0.419207317
11/6/2019,0.002623,0.00265,0.002615,0.002628,0.190258752
11/7/2019,0.002628,0.002734,0.002608,0.002725,3.559633028
11/8/2019,0.002723,0.002731,0.002603,0.002653,-2.638522427
11/9/2019,0.002654,0.002742,0.00265,0.002713,2.174714338
11/10/2019,0.002712,0.002785,0.002687,0.002775,2.27027027
11/11/2019,0.002775,0.00278,0.002669,0.002715,-2.209944751
11/12/2019,0.002714,0.002735,0.002679,0.002725,0.403669725
11/13/2019,0.002723,0.002725,0.002665,0.002698,-0.926612305
11/14/2019,0.002694,0.002698,0.002642,0.00268,-0.52238806
11/15/2019,0.002682,0.002689,0.002609,0.002657,-0.940910802
11/16/2019,0.002657,0.002675,0.002636,0.002669,0.449606594
11/17/2019,0.002669,0.002718,0.002641,0.002648,-0.79305136
11/18/2019,0.002648,0.002715,0.002549,0.002576,-2.795031056
11/19/2019,0.002576,0.002608,0.002519,0.002548,-1.098901099
11/20/2019,0.002548,0.002698,0.002543,0.002556,0.312989045
11/21/2019,0.002555,0.002566,0.002378,0.002426,-5.317394889
11/22/2019,0.002426,0.002519,0.002239,0.002362,-2.709568163
11/23/2019,0.002364,0.002507,0.002327,0.002505,5.628742515
11/24/2019,0.002509,0.00251,0.002298,0.002365,-6.088794926
11/25/2019,0.002369,0.002369,0.002128,0.002286,-3.63079615
11/26/2019,0.002287,0.002342,0.002265,0.002291,0.174596246
11/27/2019,0.002291,0.002358,0.002229,0.002339,2.052159042
11/28/2019,0.002337,0.00238,0.002313,0.002313,-1.037613489
11/29/2019,0.002315,0.002458,0.002305,0.002456,5.741042345
11/30/2019,0.002456,0.002474,0.002314,0.00232,-5.862068966
12/1/2019,0.00232,0.002394,0.002257,0.002292,-1.221640489
12/2/2019,0.002293,0.002312,0.002204,0.002235,-2.5950783
12/3/2019,0.002234,0.002256,0.002167,0.002217,-0.766801985
12/4/2019,0.002217,0.002241,0.002165,0.002208,-0.407608696
12/5/2019,0.002209,0.002305,0.002172,0.002223,0.629779577
12/6/2019,0.002221,0.00228,0.00218,0.002226,0.224618149
12/7/2019,0.00223,0.002248,0.002201,0.00223,0
12/8/2019,0.00223,0.002341,0.002207,0.002238,0.35746202
12/9/2019,0.002237,0.002251,0.002198,0.002208,-1.313405797
12/10/2019,0.002208,0.002222,0.002185,0.002204,-0.181488203
12/11/2019,0.002202,0.00224,0.002181,0.002185,-0.778032037
12/12/2019,0.002185,0.002198,0.002167,0.002188,0.137111517
12/13/2019,0.002187,0.002208,0.002165,0.002175,-0.551724138
12/14/2019,0.002175,0.002204,0.00215,0.00217,-0.230414747
12/15/2019,0.002171,0.002171,0.00208,0.002154,-0.789229341
12/16/2019,0.002154,0.002184,0.002112,0.002121,-1.555869873
12/17/2019,0.00212,0.002152,0.001997,0.002018,-5.054509415
12/18/2019,0.002025,0.002192,0.002008,0.002183,7.237746221
12/19/2019,0.002182,0.002199,0.002049,0.002123,-2.779086199
12/20/2019,0.002127,0.002141,0.002048,0.002075,-2.506024096
12/21/2019,0.002077,0.002088,0.002044,0.002084,0.335892514
12/22/2019,0.002082,0.00212,0.00207,0.002115,1.560283688
12/23/2019,0.002113,0.002137,0.002055,0.002073,-1.929570671
12/24/2019,0.002073,0.002114,0.002052,0.002073,0
12/25/2019,0.002072,0.002098,0.002036,0.002088,0.766283525
12/26/2019,0.002086,0.002098,0.002047,0.002058,-1.360544218
12/27/2019,0.002059,0.002075,0.002032,0.002053,-0.292255236
12/28/2019,0.002053,0.00209,0.002051,0.002064,0.532945736
12/29/2019,0.002063,0.002114,0.002056,0.002068,0.241779497
12/30/2019,0.00207,0.002077,0.002043,0.002054,-0.778967868
12/31/2019,0.002056,0.002056,0.002022,0.002028,-1.380670611
1/1/2020,0.002028,0.002052,0.002021,0.002033,0.245941958
1/2/2020,0.002034,0.00211,0.001983,0.002009,-1.244400199
1/3/2020,0.002008,0.002177,0.001991,0.002145,6.386946387
1/4/2020,0.002144,0.00249,0.00205,0.002241,4.32842481
1/5/2020,0.00224,0.002491,0.002117,0.002419,7.399751964
1/6/2020,0.002418,0.002564,0.002379,0.002463,1.827040195
1/7/2020,0.002485,0.002497,0.002354,0.002433,-2.137279079
1/8/2020,0.002433,0.002465,0.002265,0.002293,-6.105538596
1/9/2020,0.002291,0.002314,0.002145,0.002256,-1.55141844
1/10/2020,0.002255,0.002361,0.002199,0.002356,4.286926995
1/11/2020,0.002351,0.002373,0.002296,0.002314,-1.598962835
1/12/2020,0.002313,0.002413,0.002313,0.002381,2.855942881
1/13/2020,0.002381,0.002407,0.002327,0.002358,-0.975402884
1/14/2020,0.002358,0.002514,0.00234,0.00247,4.534412955
1/15/2020,0.002468,0.002541,0.002363,0.002369,-4.178978472
1/16/2020,0.002372,0.002424,0.002293,0.002345,-1.151385928
1/17/2020,0.002346,0.002516,0.00231,0.00249,5.78313253
1/18/2020,0.00249,0.002538,0.002452,0.002507,0.678101316
1/19/2020,0.002514,0.00257,0.002359,0.002405,-4.532224532
1/20/2020,0.002405,0.002423,0.002359,0.002374,-1.305812974
1/21/2020,0.002374,0.002403,0.002335,0.002376,0.084175084
1/22/2020,0.002376,0.002399,0.00232,0.002323,-2.281532501
1/23/2020,0.002323,0.002358,0.002238,0.002268,-2.425044092
1/24/2020,0.002268,0.002293,0.002211,0.002276,0.351493849
1/25/2020,0.002276,0.002276,0.002235,0.002257,-0.841825432
1/26/2020,0.002258,0.002307,0.00224,0.002305,2.039045553
1/27/2020,0.002304,0.002413,0.002283,0.002368,2.702702703
1/28/2020,0.002365,0.00245,0.002363,0.00245,3.469387755
1/29/2020,0.002451,0.002471,0.00239,0.00239,-2.552301255
1/30/2020,0.002391,0.002446,0.002371,0.00244,2.008196721
1/31/2020,0.00244,0.002458,0.002369,0.002394,-1.921470343
2/1/2020,0.002391,0.002431,0.002382,0.002422,1.279933939
2/2/2020,0.002421,0.002506,0.002395,0.002468,1.904376013
2/3/2020,0.002466,0.002517,0.002427,0.00244,-1.06557377
2/4/2020,0.002438,0.002503,0.002402,0.002503,2.59688374
2/5/2020,0.002503,0.00263,0.002492,0.002582,3.059643687
2/6/2020,0.002583,0.002677,0.002574,0.002653,2.638522427
2/7/2020,0.002654,0.00277,0.002647,0.002769,4.153123871
2/8/2020,0.002767,0.003209,0.002722,0.003159,12.40899019
2/9/2020,0.003156,0.003531,0.003152,0.003232,2.351485149
2/10/2020,0.003234,0.003303,0.002904,0.002986,-8.305425318
2/11/2020,0.003011,0.003085,0.002864,0.003041,0.986517593
2/12/2020,0.003041,0.003173,0.003013,0.003093,1.681215648
2/13/2020,0.003064,0.003216,0.002973,0.003026,-1.255783212
2/14/2020,0.002999,0.003147,0.002981,0.00313,4.185303514
2/15/2020,0.003098,0.003181,0.002839,0.00292,-6.095890411
2/16/2020,0.002917,0.002965,0.002626,0.002774,-5.155010815
2/17/2020,0.00274,0.002772,0.002547,0.002712,-1.032448378
2/18/2020,0.002677,0.002846,0.002655,0.002839,5.70623459
2/19/2020,0.002839,0.002874,0.002624,0.002624,-8.193597561
2/20/2020,0.002625,0.002673,0.002569,0.002659,1.278676194
2/21/2020,0.002656,0.002703,0.002614,0.002648,-0.302114804
2/22/2020,0.00265,0.002655,0.002577,0.002601,-1.883890811
2/23/2020,0.0026,0.002682,0.002596,0.00268,2.985074627
2/24/2020,0.002679,0.002687,0.002557,0.00259,-3.436293436
2/25/2020,0.00259,0.002591,0.002436,0.002476,-4.604200323
2/26/2020,0.002475,0.002487,0.002211,0.002339,-5.81445062
2/27/2020,0.002337,0.002403,0.002298,0.002324,-0.559380379
2/28/2020,0.002323,0.002373,0.002226,0.002289,-1.485364788
2/29/2020,0.002286,0.00232,0.00223,0.002235,-2.281879195
3/1/2020,0.002233,0.002297,0.002223,0.002275,1.846153846
3/2/2020,0.002278,0.00237,0.002256,0.002349,3.022562793
3/3/2020,0.002348,0.002525,0.002316,0.002499,6.042416967
3/4/2020,0.0025,0.002508,0.002367,0.002398,-4.253544621
3/5/2020,0.002399,0.002531,0.002395,0.002506,4.269752594
3/6/2020,0.002504,0.002517,0.002447,0.002496,-0.320512821
3/7/2020,0.002501,0.002513,0.002401,0.002405,-3.991683992
3/8/2020,0.002406,0.002408,0.002184,0.002187,-10.01371742
3/9/2020,0.002189,0.002236,0.002107,0.002214,1.129177958
3/10/2020,0.002217,0.002263,0.002166,0.002207,-0.453103761
3/11/2020,0.002208,0.002228,0.002099,0.002184,-1.098901099
3/12/2020,0.002183,0.002188,0.001535,0.001537,-42.02992843
3/13/2020,0.00154,0.001799,0.001247,0.001738,11.39240506
3/14/2020,0.001737,0.001784,0.00164,0.001666,-4.261704682
3/15/2020,0.001664,0.001819,0.001655,0.001685,1.246290801
3/16/2020,0.001684,0.001699,0.001453,0.001587,-6.112161311
3/17/2020,0.001591,0.001677,0.001558,0.001587,-0.252047889
3/18/2020,0.00159,0.001612,0.001552,0.001566,-1.53256705
3/19/2020,0.001566,0.001844,0.001562,0.001773,11.6751269
3/20/2020,0.001771,0.001931,0.001679,0.001773,0.112803158
3/21/2020,0.001771,0.001851,0.001693,0.001785,0.784313725
3/22/2020,0.001785,0.001868,0.001719,0.001731,-3.119584055
3/23/2020,0.001727,0.001817,0.001692,0.001805,4.32132964
3/24/2020,0.001805,0.001912,0.001799,0.001851,2.485143166
3/25/2020,0.001852,0.00189,0.001799,0.001834,-0.981461287
3/26/2020,0.001833,0.001872,0.001827,0.001842,0.488599349
3/27/2020,0.001843,0.001868,0.001804,0.001807,-1.992252352
3/28/2020,0.001805,0.001808,0.001716,0.001778,-1.51856018
3/29/2020,0.001777,0.001805,0.001717,0.001723,-3.134068485
3/30/2020,0.001723,0.001868,0.001717,0.001831,5.898416166
3/31/2020,0.001851,0.001851,0.001805,0.001811,-2.208724462
4/1/2020,0.001812,0.001867,0.001776,0.001867,2.945902517
4/2/2020,0.001868,0.00194,0.00185,0.001882,0.743889479
4/3/2020,0.001883,0.001916,0.001834,0.001853,-1.618996222
4/4/2020,0.001853,0.00191,0.001841,0.00188,1.436170213
4/5/2020,0.00188,0.001909,0.001847,0.001865,-0.804289544
4/6/2020,0.001866,0.001983,0.001852,0.00198,5.757575758
4/7/2020,0.001972,0.00203,0.001934,0.001997,1.251877817
4/8/2020,0.001986,0.002044,0.00196,0.002012,1.292246521
4/9/2020,0.002013,0.002033,0.001985,0.002021,0.395843642
4/10/2020,0.002021,0.002023,0.001891,0.001968,-2.693089431
4/11/2020,0.001968,0.002004,0.001941,0.00199,1.105527638
4/12/2020,0.001989,0.002009,0.001951,0.00199,0.050251256
4/13/2020,0.00199,0.00199,0.001894,0.001959,-1.58244002
4/14/2020,0.001958,0.00198,0.001935,0.001964,0.305498982
4/15/2020,0.001963,0.001975,0.001906,0.00194,-1.18556701
4/16/2020,0.001941,0.002029,0.001886,0.002028,4.289940828
4/17/2020,0.002028,0.002029,0.001992,0.002013,-0.745156483
4/18/2020,0.002013,0.002062,0.002007,0.002061,2.328966521
4/19/2020,0.00206,0.002073,0.002028,0.002058,-0.09718173
4/20/2020,0.002058,0.002066,0.001962,0.001982,-3.834510595
4/21/2020,0.001982,0.002032,0.001952,0.001971,-0.558092339
4/22/2020,0.001971,0.002033,0.001964,0.002011,1.989060169
4/23/2020,0.002011,0.002123,0.002005,0.002047,1.758671226
4/24/2020,0.002047,0.002121,0.002042,0.002103,2.662862577
4/25/2020,0.002102,0.002146,0.002087,0.002142,1.867413632
4/26/2020,0.002141,0.002444,0.002136,0.002409,11.12494811
4/27/2020,0.00241,0.002414,0.002308,0.002355,-2.335456476
4/28/2020,0.002354,0.002372,0.002322,0.002339,-0.641299701
4/29/2020,0.002339,0.002542,0.002331,0.002517,7.071911005
4/30/2020,0.002517,0.002689,0.002392,0.002443,-3.029062628
5/1/2020,0.002444,0.002559,0.002441,0.002494,2.004811548
5/2/2020,0.002495,0.002553,0.002473,0.002549,2.118477834
5/3/2020,0.002548,0.002583,0.00248,0.00251,-1.513944223
5/4/2020,0.002511,0.002519,0.002389,0.002481,-1.209189843
5/5/2020,0.002481,0.002521,0.002449,0.002484,0.120772947
5/6/2020,0.002483,0.002583,0.002473,0.002529,1.818900751
5/7/2020,0.002518,0.002678,0.002479,0.002664,5.48048048
5/8/2020,0.002659,0.002672,0.002594,0.002625,-1.295238095
5/9/2020,0.002622,0.002634,0.002565,0.002613,-0.344431688
5/10/2020,0.002611,0.002613,0.00236,0.002459,-6.181374542
5/11/2020,0.002457,0.002512,0.002338,0.002413,-1.823456278
5/12/2020,0.002413,0.002513,0.002406,0.002463,2.030044661
5/13/2020,0.002464,0.002528,0.002458,0.002521,2.261007537
5/14/2020,0.002518,0.002623,0.002512,0.002574,2.175602176
5/15/2020,0.002574,0.002577,0.002487,0.002506,-2.71348763
5/16/2020,0.002507,0.002534,0.002484,0.002513,0.238758456
5/17/2020,0.002512,0.002578,0.002509,0.002538,1.024428684
5/18/2020,0.002537,0.002587,0.002513,0.002543,0.235941801
5/19/2020,0.002544,0.002565,0.002501,0.002538,-0.236406619
5/20/2020,0.002539,0.002563,0.002487,0.002508,-1.236044657
5/21/2020,0.00251,0.002549,0.002423,0.002485,-1.006036217
5/22/2020,0.002486,0.002543,0.002473,0.002533,1.855507304
5/23/2020,0.002533,0.002565,0.002499,0.002544,0.432389937
5/24/2020,0.002544,0.002561,0.002451,0.002458,-3.498779496
5/25/2020,0.002456,0.002546,0.002435,0.00254,3.307086614
5/26/2020,0.002539,0.002542,0.002472,0.002486,-2.131938858
5/27/2020,0.002486,0.002529,0.002472,0.00251,0.956175299
5/28/2020,0.002512,0.002559,0.002495,0.002524,0.475435816
5/29/2020,0.002524,0.002549,0.002504,0.002532,0.315955766
5/30/2020,0.002531,0.002626,0.002523,0.002615,3.212237094
5/31/2020,0.002615,0.002617,0.002549,0.002555,-2.348336595
6/1/2020,0.002555,0.002662,0.002553,0.002647,3.475632792
6/2/2020,0.002647,0.002655,0.00252,0.002561,-3.358063257
6/3/2020,0.002562,0.002598,0.002546,0.002583,0.81300813
6/4/2020,0.002583,0.002669,0.002571,0.002631,1.824401368
6/5/2020,0.002632,0.002634,0.00258,0.002596,-1.386748844
6/6/2020,0.002595,0.002606,0.002566,0.002587,-0.3092385
6/7/2020,0.002587,0.002609,0.002558,0.002606,0.729086723
6/8/2020,0.002606,0.002607,0.002561,0.002584,-0.851393189
6/9/2020,0.002584,0.002587,0.002517,0.002569,-0.58388478
6/10/2020,0.002569,0.002595,0.002553,0.002584,0.580495356
6/11/2020,0.002584,0.002602,0.002429,0.002452,-5.383360522
6/12/2020,0.002455,0.002533,0.002447,0.00252,2.579365079
6/13/2020,0.00252,0.002541,0.002501,0.002533,0.513225424
6/14/2020,0.002533,0.002554,0.002501,0.002511,-0.876144962
6/15/2020,0.00251,0.002516,0.002407,0.002479,-1.250504236
6/16/2020,0.002479,0.00253,0.002434,0.002487,0.321672698
6/17/2020,0.00249,0.002492,0.002458,0.002485,-0.201207243
6/18/2020,0.002485,0.002493,0.002447,0.002472,-0.525889968
6/19/2020,0.002471,0.002472,0.00243,0.002435,-1.478439425
6/20/2020,0.002435,0.002466,0.002419,0.002447,0.490396404
6/21/2020,0.002447,0.002478,0.002441,0.002447,0
6/22/2020,0.002447,0.002495,0.002443,0.002474,1.09135004
6/23/2020,0.002474,0.002492,0.002457,0.002484,0.40257649
6/24/2020,0.002483,0.002497,0.002389,0.00243,-2.181069959
6/25/2020,0.00243,0.002433,0.00239,0.002417,-0.537856847
6/26/2020,0.002417,0.002427,0.002359,0.002359,-2.458668928
6/27/2020,0.002359,0.002379,0.002294,0.002313,-1.988759187
6/28/2020,0.002313,0.002361,0.002283,0.002326,0.558899398
6/29/2020,0.002326,0.002341,0.002301,0.002313,-0.56204064
6/30/2020,0.002311,0.00234,0.002297,0.00232,0.387931034
7/1/2020,0.00232,0.002376,0.002301,0.002354,1.444350042
7/2/2020,0.00233,0.002382,0.002302,0.002361,1.313002965
7/3/2020,0.002361,0.002366,0.002304,0.002316,-1.943005181
7/4/2020,0.002315,0.00234,0.002289,0.002309,-0.25985275
7/5/2020,0.002307,0.002327,0.002277,0.002309,0.086617583
7/6/2020,0.002309,0.002624,0.002302,0.002616,11.73547401
7/7/2020,0.002614,0.003259,0.0026,0.00309,15.40453074
7/8/2020,0.003097,0.00542,0.003061,0.00475,34.8
7/9/2020,0.004732,0.005014,0.004148,0.004397,-7.618831021
7/10/2020,0.004394,0.004394,0.003438,0.003515,-25.00711238
7/11/2020,0.003528,0.00392,0.003476,0.003811,7.425872474
7/12/2020,0.003811,0.003844,0.003614,0.00363,-4.986225895
7/13/2020,0.00363,0.003636,0.003059,0.003178,-14.22278162
7/14/2020,0.003169,0.003369,0.003061,0.003294,3.794778385
7/15/2020,0.003287,0.003303,0.003074,0.003085,-6.547811994
7/16/2020,0.003086,0.003098,0.002893,0.002995,-3.038397329
7/17/2020,0.002991,0.003084,0.002937,0.003061,2.286834368
7/18/2020,0.00306,0.003629,0.003031,0.003473,11.89173625
7/19/2020,0.003464,0.003753,0.003329,0.003382,-2.424600828
7/20/2020,0.003383,0.003433,0.003167,0.003239,-4.44581661
7/21/2020,0.003232,0.003309,0.003187,0.003305,2.208774584
7/22/2020,0.003302,0.003304,0.003221,0.003285,-0.517503805
7/23/2020,0.003283,0.003321,0.003265,0.003295,0.364188164
7/24/2020,0.003295,0.003323,0.003177,0.00322,-2.329192547
7/25/2020,0.003219,0.003295,0.003189,0.003234,0.463821892
7/26/2020,0.003238,0.00327,0.003184,0.003235,-0.092735703
7/27/2020,0.003234,0.003243,0.00304,0.003153,-2.568981922
7/28/2020,0.003155,0.003219,0.003132,0.003197,1.313731623
7/29/2020,0.003198,0.003262,0.003175,0.003192,-0.187969925
7/30/2020,0.003192,0.003244,0.003163,0.003231,1.207056639
7/31/2020,0.003229,0.00324,0.003181,0.003225,-0.124031008
8/1/2020,0.003225,0.003797,0.003203,0.003689,12.5779344
8/2/2020,0.003696,0.003736,0.003266,0.003336,-10.79136691
8/3/2020,0.003336,0.003441,0.003308,0.003389,1.563883151
8/4/2020,0.003389,0.003561,0.003376,0.003535,4.130127298
8/5/2020,0.003543,0.003577,0.003485,0.003513,-0.853970965
8/6/2020,0.003517,0.003636,0.003461,0.00356,1.207865169
8/7/2020,0.003563,0.003611,0.003425,0.003533,-0.849136711
8/8/2020,0.003534,0.003536,0.003453,0.00351,-0.683760684
8/9/2020,0.003508,0.003533,0.00343,0.003463,-1.299451343
8/10/2020,0.003468,0.003557,0.003454,0.003499,0.885967419
8/11/2020,0.003495,0.003571,0.003346,0.003394,-2.975839717
8/12/2020,0.003397,0.003534,0.003341,0.003484,2.497129736
8/13/2020,0.003483,0.003549,0.003365,0.003517,0.966733011
8/14/2020,0.003514,0.003579,0.003476,0.003561,1.319853974
8/15/2020,0.003563,0.003607,0.0035,0.003539,-0.678157672
8/16/2020,0.00354,0.003552,0.003469,0.003524,-0.454029512
8/17/2020,0.003524,0.003718,0.0035,0.003591,1.86577555
8/18/2020,0.003593,0.003709,0.003483,0.003514,-2.248150256
8/19/2020,0.003508,0.003538,0.003368,0.003424,-2.453271028
8/20/2020,0.003424,0.003499,0.00339,0.003459,1.011853137
8/21/2020,0.003457,0.003554,0.003389,0.003393,-1.886236369
8/22/2020,0.003392,0.003447,0.003354,0.003442,1.452643812
8/23/2020,0.003438,0.003453,0.003388,0.003414,-0.702987698
8/24/2020,0.00341,0.003465,0.003386,0.003418,0.234055003
8/25/2020,0.003418,0.003434,0.003239,0.003305,-3.419062027
8/26/2020,0.003301,0.003345,0.003251,0.003303,0.060551014
8/27/2020,0.0033,0.003314,0.003165,0.003203,-3.028410865
8/28/2020,0.003203,0.003271,0.003182,0.003268,1.988984088
8/29/2020,0.003267,0.003301,0.003242,0.003282,0.457038391
8/30/2020,0.003284,0.003344,0.003274,0.0033,0.484848485
8/31/2020,0.003301,0.003308,0.003204,0.003221,-2.483700714
9/1/2020,0.00322,0.003281,0.003194,0.003256,1.105651106
9/2/2020,0.003258,0.003266,0.003065,0.003122,-4.356181935
9/3/2020,0.003122,0.003134,0.00279,0.002802,-11.42041399
9/4/2020,0.002799,0.002958,0.002753,0.002899,3.449465333
9/5/2020,0.0029,0.002934,0.00272,0.002758,-5.148658448
9/6/2020,0.002758,0.002814,0.002704,0.002787,1.040545389
9/7/2020,0.002787,0.002832,0.002708,0.002811,0.853788687
9/8/2020,0.00282,0.002834,0.0027,0.002756,-2.322206096
9/9/2020,0.002758,0.002807,0.002704,0.002779,0.755667506
9/10/2020,0.002792,0.002859,0.002752,0.002805,0.463458111
9/11/2020,0.002805,0.002825,0.002742,0.002806,0.035637919
9/12/2020,0.002802,0.002831,0.002781,0.002819,0.603050727
9/13/2020,0.002819,0.002824,0.002746,0.002776,-1.548991354
9/14/2020,0.002776,0.002843,0.002742,0.002803,0.963253657
9/15/2020,0.002799,0.002878,0.002785,0.002832,1.165254237
9/16/2020,0.002831,0.002859,0.002791,0.002826,-0.176928521
9/17/2020,0.002824,0.002859,0.002781,0.002814,-0.355366027
9/18/2020,0.002814,0.002825,0.002749,0.002804,-0.356633381
9/19/2020,0.002796,0.002814,0.002773,0.002794,-0.071581961
9/20/2020,0.002794,0.002806,0.002722,0.002778,-0.575953924
9/21/2020,0.002778,0.002802,0.002616,0.00263,-5.627376426
9/22/2020,0.002625,0.002672,0.002604,0.002656,1.167168675
9/23/2020,0.002648,0.002651,0.00254,0.00256,-3.4375
9/24/2020,0.002557,0.00265,0.002536,0.002628,2.701674277
9/25/2020,0.002628,0.002721,0.002616,0.002698,2.594514455
9/26/2020,0.002699,0.002753,0.002678,0.002716,0.625920471
9/27/2020,0.002697,0.002734,0.002664,0.002692,-0.185735513
9/28/2020,0.002709,0.00274,0.00264,0.002652,-2.149321267
9/29/2020,0.002662,0.00271,0.002636,0.002685,0.856610801
9/30/2020,0.002683,0.002685,0.002617,0.00263,-2.015209125
10/1/2020,0.002631,0.002682,0.002584,0.002616,-0.573394495
10/2/2020,0.002614,0.002628,0.002539,0.002583,-1.200154859
10/3/2020,0.002583,0.00264,0.002574,0.002599,0.615621393
10/4/2020,0.002606,0.002682,0.00259,0.002635,1.10056926
10/5/2020,0.002632,0.002662,0.002599,0.002612,-0.765696784
10/6/2020,0.002612,0.002628,0.002574,0.002611,-0.038299502
10/7/2020,0.002593,0.002612,0.002565,0.002595,0.077071291
10/8/2020,0.002584,0.002631,0.00256,0.002596,0.462249615
10/9/2020,0.002616,0.002667,0.002595,0.002653,1.394647569
10/10/2020,0.002654,0.002716,0.002654,0.002655,0.037664783
10/11/2020,0.002667,0.002706,0.002649,0.002674,0.261780105
10/12/2020,0.002674,0.002708,0.002629,0.002673,-0.037411149
10/13/2020,0.002667,0.002677,0.002627,0.002635,-1.214421252
10/14/2020,0.002634,0.002653,0.002618,0.002637,0.113765643
10/15/2020,0.00265,0.002651,0.002569,0.002593,-2.198225993
10/16/2020,0.002595,0.002616,0.002557,0.002612,0.650842266
10/17/2020,0.002603,0.002612,0.002573,0.002581,-0.852382797
10/18/2020,0.002581,0.002601,0.002577,0.002586,0.193348801
10/19/2020,0.002595,0.002619,0.002572,0.00259,-0.193050193
10/20/2020,0.00259,0.002623,0.002581,0.002601,0.422914264
10/21/2020,0.0026,0.002657,0.002594,0.00263,1.140684411
10/22/2020,0.002627,0.002689,0.002624,0.002655,1.054613936
10/23/2020,0.002649,0.002691,0.002637,0.002647,-0.075557235
10/24/2020,0.002647,0.002653,0.002624,0.002646,-0.037792895
10/25/2020,0.002645,0.002676,0.002624,0.002653,0.30154542
10/26/2020,0.002653,0.002893,0.002636,0.002679,0.970511385
10/27/2020,0.002679,0.002708,0.00263,0.002677,-0.074710497
10/28/2020,0.002677,0.002697,0.002575,0.002595,-3.159922929
10/29/2020,0.002595,0.002623,0.002518,0.002581,-0.542425417
10/30/2020,0.002581,0.002607,0.002533,0.002598,0.6543495
10/31/2020,0.002598,0.002603,0.002556,0.002576,-0.854037267
11/1/2020,0.002576,0.00259,0.002561,0.002582,0.232378002
11/2/2020,0.002582,0.002592,0.002515,0.002517,-2.582439412
11/3/2020,0.002517,0.00253,0.002452,0.002528,0.435126582
11/4/2020,0.002528,0.002558,0.002497,0.002533,0.197394394
11/5/2020,0.002533,0.002639,0.002496,0.002617,3.209782193
11/6/2020,0.002617,0.002801,0.002608,0.00276,5.18115942
11/7/2020,0.00276,0.002819,0.002612,0.002671,-3.332085361
11/8/2020,0.002671,0.002742,0.002658,0.002711,1.475470306
11/9/2020,0.002711,0.002786,0.002663,0.00267,-1.535580524
11/10/2020,0.00267,0.002851,0.002655,0.002753,3.014892844
11/11/2020,0.002753,0.002837,0.002753,0.002769,0.57782593
11/12/2020,0.002769,0.002791,0.002747,0.002779,0.35984167
11/13/2020,0.002779,0.002836,0.002777,0.002821,1.488833747
11/14/2020,0.002821,0.002821,0.002721,0.002773,-1.730977281
11/15/2020,0.002773,0.002813,0.002739,0.002775,0.072072072
11/16/2020,0.002775,0.003009,0.002757,0.002886,3.846153846
11/17/2020,0.002908,0.002976,0.002886,0.002936,0.953678474
11/18/2020,0.002936,0.002999,0.002855,0.002909,-0.928154005
11/19/2020,0.002909,0.00296,0.002868,0.002911,0.068704912
11/20/2020,0.002911,0.003011,0.002908,0.002984,2.446380697
11/21/2020,0.002984,0.003549,0.002984,0.003507,14.91303108
11/22/2020,0.003507,0.00366,0.003181,0.003329,-5.346951036
11/23/2020,0.003329,0.003648,0.003232,0.003648,8.744517544
11/24/2020,0.003645,0.004204,0.003579,0.004204,13.29686013
11/25/2020,0.0042,0.004256,0.003642,0.003727,-12.69117252
11/26/2020,0.003727,0.003793,0.00298,0.00325,-14.67692308
11/27/2020,0.00325,0.003355,0.003093,0.003275,0.763358779
11/28/2020,0.003275,0.00347,0.003247,0.003405,3.817914831
11/29/2020,0.003405,0.00353,0.003358,0.003448,1.247099768
11/30/2020,0.003448,0.00358,0.003414,0.003551,2.900591383
12/1/2020,0.003551,0.003572,0.003269,0.003335,-6.476761619
12/2/2020,0.003335,0.003436,0.003293,0.003374,1.155898044
12/3/2020,0.003375,0.0035,0.003352,0.003428,1.546091015
12/4/2020,0.003429,0.003447,0.003285,0.003298,-3.972104306
12/5/2020,0.003297,0.003414,0.003268,0.003397,2.943773918
12/6/2020,0.003397,0.003442,0.003343,0.003388,-0.265643447
12/7/2020,0.003388,0.0034,0.00332,0.003342,-1.376421305
12/8/2020,0.003343,0.003361,0.003138,0.003179,-5.158854986
12/9/2020,0.003179,0.003182,0.003016,0.003158,-0.664977834
12/10/2020,0.003158,0.003165,0.003066,0.003105,-1.706924316
12/11/2020,0.003105,0.00311,0.003009,0.003079,-0.84443001
12/12/2020,0.003079,0.003184,0.003075,0.003163,2.655706608
12/13/2020,0.003164,0.003274,0.003153,0.003256,2.825552826
12/14/2020,0.003256,0.003279,0.003199,0.003231,-0.773754256
12/15/2020,0.00323,0.00325,0.003178,0.003206,-0.748596382
12/16/2020,0.003205,0.003422,0.003186,0.003416,6.176814988
12/17/2020,0.003416,0.004113,0.003406,0.00373,8.418230563
12/18/2020,0.00373,0.00397,0.003618,0.003858,3.317781234
12/19/2020,0.003859,0.004018,0.00381,0.003927,1.731601732
12/20/2020,0.003926,0.004678,0.003827,0.004625,15.11351351
12/21/2020,0.004627,0.005406,0.004363,0.004787,3.342385628
12/22/2020,0.004784,0.004843,0.00437,0.004508,-6.12244898
12/23/2020,0.004508,0.004735,0.00364,0.003768,-19.63906582
12/24/2020,0.003768,0.004577,0.003697,0.00457,17.54923414
12/25/2020,0.00457,0.004613,0.004395,0.004582,0.261894369
12/26/2020,0.004581,0.00464,0.004423,0.004494,-1.935914553
12/27/2020,0.004493,0.004805,0.004429,0.004548,1.209322779
12/28/2020,0.004548,0.004716,0.004523,0.004592,0.958188153
12/29/2020,0.004592,0.004608,0.004278,0.004486,-2.362906821
12/30/2020,0.004487,0.004703,0.004453,0.004636,3.213977567
12/31/2020,0.004636,0.004743,0.004553,0.004682,0.982486117
1/1/2021,0.004681,0.005685,0.004615,0.005685,17.66051011
1/2/2021,0.005686,0.013698,0.005584,0.010615,46.4342911
1/3/2021,0.010602,0.013867,0.009409,0.009771,-8.504758981
1/4/2021,0.009785,0.011421,0.007878,0.009767,-0.184294051
1/5/2021,0.009767,0.010219,0.008972,0.00992,1.54233871
1/6/2021,0.009923,0.010854,0.009685,0.010465,5.179168657
1/7/2021,0.010454,0.010532,0.009162,0.009742,-7.30856087
1/8/2021,0.009743,0.010285,0.008986,0.009846,1.046110095
1/9/2021,0.009833,0.01074,0.00974,0.010194,3.541298803
1/10/2021,0.010193,0.010867,0.009177,0.00986,-3.377281947
1/11/2021,0.009858,0.009858,0.00677,0.008835,-11.57894737
1/12/2021,0.00883,0.009145,0.007904,0.008063,-9.512588367
1/13/2021,0.008062,0.008646,0.007787,0.008616,6.429897864
1/14/2021,0.008619,0.01003,0.008349,0.009397,8.279238055
1/15/2021,0.009389,0.009796,0.00846,0.009369,-0.213469954
1/16/2021,0.009367,0.009531,0.00914,0.009265,-1.100917431
1/17/2021,0.009263,0.009367,0.008841,0.009067,-2.161685232
1/18/2021,0.00907,0.009295,0.008981,0.009171,1.101297568
1/19/2021,0.009172,0.009613,0.00902,0.009098,-0.813365575
1/20/2021,0.009096,0.009153,0.008529,0.00906,-0.397350993
1/21/2021,0.009062,0.009089,0.008061,0.008166,-10.97232427
1/22/2021,0.008165,0.008769,0.007654,0.008524,4.211637729
1/23/2021,0.00852,0.008808,0.008388,0.008579,0.687725842
1/24/2021,0.008578,0.008951,0.008516,0.008727,1.707345021
1/25/2021,0.008727,0.008879,0.008276,0.008383,-4.103542884
1/26/2021,0.008382,0.008456,0.008022,0.008255,-1.538461538
1/27/2021,0.008255,0.008259,0.007294,0.007482,-10.33146218
1/28/2021,0.007481,0.034177,0.007351,0.034084,78.05128506
1/29/2021,0.043734,0.077973,0.032341,0.047162,7.268563674
1/30/2021,0.046803,0.049901,0.022488,0.028176,-66.10945486
1/31/2021,0.028191,0.045289,0.027102,0.037196,24.20959243
2/1/2021,0.037054,0.04325,0.033367,0.034875,-6.248028674
2/2/2021,0.03491,0.034926,0.029195,0.03152,-10.75507614
2/3/2021,0.031493,0.039105,0.031146,0.03712,15.15894397
2/4/2021,0.037226,0.057869,0.035945,0.053289,30.14318152
2/5/2021,0.053043,0.05374,0.04354,0.046935,-13.01374241
2/6/2021,0.046931,0.058308,0.044904,0.057595,18.51549614
2/7/2021,0.057502,0.084357,0.054239,0.078782,27.01124622
2/8/2021,0.078352,0.084945,0.064702,0.078825,0.600063432
2/9/2021,0.078773,0.083128,0.065621,0.07007,-12.42043671
2/10/2021,0.070111,0.081091,0.068525,0.072896,3.820511414
2/11/2021,0.072844,0.074301,0.06829,0.069676,-4.546759286
2/12/2021,0.06965,0.07261,0.061445,0.070069,0.597981989
2/13/2021,0.070025,0.071646,0.066135,0.06645,-5.379984951
2/14/2021,0.066448,0.066448,0.056723,0.062537,-6.253897693
2/15/2021,0.062568,0.063924,0.048547,0.056591,-10.5617501
2/16/2021,0.056488,0.059668,0.050983,0.05352,-5.545590433
2/17/2021,0.053522,0.054983,0.048034,0.049376,-8.396791964
2/18/2021,0.049363,0.061799,0.048989,0.059541,17.09410322
2/19/2021,0.059434,0.059497,0.054315,0.055139,-7.789404958
2/20/2021,0.055132,0.060286,0.051628,0.054384,-1.375404531
2/21/2021,0.054369,0.058428,0.053556,0.05598,2.877813505
2/22/2021,0.056044,0.060466,0.047096,0.053725,-4.316426245
2/23/2021,0.053698,0.053768,0.04241,0.047392,-13.30604321
2/24/2021,0.047414,0.059873,0.046216,0.056555,16.16302714
2/25/2021,0.056615,0.057808,0.049869,0.050167,-12.85307074
2/26/2021,0.050138,0.052472,0.048708,0.05048,0.677496038
2/27/2021,0.0505,0.05192,0.049297,0.050083,-0.832617854
2/28/2021,0.050097,0.050134,0.045088,0.048052,-4.25580621
3/1/2021,0.04807,0.051479,0.048029,0.050599,4.998122493
3/2/2021,0.050596,0.052382,0.049299,0.050262,-0.664517926
3/3/2021,0.050278,0.052126,0.050078,0.050592,0.620651486
3/4/2021,0.050587,0.051087,0.047879,0.050048,-1.076966113
3/5/2021,0.050028,0.050854,0.048147,0.049609,-0.84460481
3/6/2021,0.049601,0.052397,0.049383,0.050984,2.712615723
3/7/2021,0.05098,0.052141,0.050572,0.052122,2.191013392
3/8/2021,0.052123,0.061949,0.051672,0.061949,15.86143441
3/9/2021,0.062104,0.062268,0.056051,0.057998,-7.079554467
3/10/2021,0.057964,0.058616,0.054692,0.056004,-3.499750018
3/11/2021,0.055977,0.056698,0.054502,0.055918,-0.105511642
3/12/2021,0.055921,0.05698,0.054513,0.055349,-1.033442339
3/13/2021,0.055353,0.062432,0.054756,0.062432,11.33873655
3/14/2021,0.062384,0.063052,0.058592,0.058592,-6.471873293
3/15/2021,0.058531,0.059689,0.055141,0.057088,-2.52767657
3/16/2021,0.057086,0.058921,0.055493,0.058607,2.595253127
3/17/2021,0.05861,0.058866,0.056471,0.057653,-1.659930966
3/18/2021,0.05764,0.058828,0.054143,0.057383,-0.447867835
3/19/2021,0.057377,0.059721,0.056604,0.058328,1.630434783
3/20/2021,0.058315,0.060639,0.05812,0.058961,1.095639491
3/21/2021,0.05897,0.059521,0.056798,0.057234,-3.033162106
3/22/2021,0.057259,0.057732,0.054909,0.054962,-4.179251119
3/23/2021,0.054941,0.056081,0.05294,0.053556,-2.586078124
3/24/2021,0.053528,0.056494,0.051242,0.051702,-3.531778268
3/25/2021,0.051699,0.052407,0.049697,0.051448,-0.487871249
3/26/2021,0.051433,0.054028,0.051331,0.053952,4.668965006
3/27/2021,0.05394,0.055435,0.053528,0.054377,0.803648601
3/28/2021,0.054381,0.054752,0.053013,0.053698,-1.271928191
3/29/2021,0.053678,0.054651,0.053175,0.054052,0.691926293
3/30/2021,0.054052,0.055434,0.053697,0.0539,-0.282003711
3/31/2021,0.053902,0.054468,0.052269,0.053657,-0.456603985
4/1/2021,0.053655,0.070111,0.053644,0.061986,13.44013164
4/2/2021,0.061968,0.062249,0.057333,0.057664,-7.463928968
4/3/2021,0.057658,0.059484,0.055804,0.055804,-3.322342484
4/4/2021,0.055776,0.058107,0.055295,0.057404,2.8360393
4/5/2021,0.057411,0.060153,0.056435,0.059696,3.827727151
4/6/2021,0.059689,0.06505,0.058094,0.064458,7.398616153
4/7/2021,0.064454,0.067299,0.057641,0.059028,-9.192247747
4/8/2021,0.059036,0.061745,0.058817,0.061464,3.950279839
4/9/2021,0.061463,0.06391,0.060296,0.061684,0.358277673
4/10/2021,0.061591,0.065068,0.060818,0.063845,3.530425249
4/11/2021,0.063749,0.079243,0.063203,0.074649,14.60166914
4/12/2021,0.074544,0.074986,0.068889,0.070767,-5.337233456
4/13/2021,0.070678,0.095181,0.070678,0.093445,24.36406442
4/14/2021,0.094256,0.14251,0.092452,0.121517,22.43389814
4/15/2021,0.121167,0.187326,0.120736,0.182207,33.50035948
4/16/2021,0.181587,0.4377,0.180488,0.36587,50.36843688
4/17/2021,0.366098,0.374455,0.236524,0.284173,-28.82926949
4/18/2021,0.285105,0.349918,0.24644,0.320475,11.03674234
4/19/2021,0.320466,0.431751,0.30908,0.407318,21.32289759
4/20/2021,0.408435,0.422347,0.271618,0.3195,-27.83568075
4/21/2021,0.316953,0.346966,0.297036,0.306925,-3.267247699
4/22/2021,0.30599,0.308757,0.256276,0.260967,-17.25237291
4/23/2021,0.261023,0.268378,0.163669,0.248509,-5.035632512
4/24/2021,0.249544,0.28939,0.229891,0.270212,7.648809083
4/25/2021,0.269789,0.288771,0.226301,0.251111,-7.438144884
4/26/2021,0.25124,0.280452,0.248026,0.270674,7.179854733
4/27/2021,0.271427,0.279629,0.264928,0.272188,0.279586168
4/28/2021,0.272273,0.344662,0.256231,0.323682,15.88256375
4/29/2021,0.323232,0.323881,0.296904,0.305169,-5.919015365
4/30/2021,0.304702,0.339757,0.302981,0.337561,9.734240626
5/1/2021,0.337559,0.397135,0.32829,0.392987,14.10428335
5/2/2021,0.391087,0.400029,0.364874,0.376046,-3.999776623
5/3/2021,0.373631,0.445567,0.373631,0.441707,15.41202652
5/4/2021,0.440274,0.605998,0.4008,0.541334,18.66869622
5/5/2021,0.537355,0.695262,0.523822,0.657633,18.28953231
5/6/2021,0.652842,0.663616,0.545102,0.580804,-12.40315149
5/7/2021,0.58111,0.731972,0.520174,0.684777,15.13879701
5/8/2021,0.687801,0.737567,0.608168,0.636439,-8.070215684
5/9/2021,0.63582,0.697625,0.425706,0.57007,-11.5336713
5/10/2021,0.569687,0.569687,0.421291,0.449964,-26.60723969
5/11/2021,0.450488,0.546651,0.445034,0.495231,9.034773671
5/12/2021,0.493742,0.519975,0.385376,0.385376,-28.11955078
5/13/2021,0.392176,0.519461,0.357175,0.490374,20.02512368
5/14/2021,0.48707,0.58969,0.464622,0.559604,12.96166575
5/15/2021,0.559668,0.562676,0.491299,0.507972,-10.17693889
5/16/2021,0.50791,0.548145,0.451023,0.514895,1.356587265
5/17/2021,0.513413,0.515221,0.458551,0.487892,-5.230870766
5/18/2021,0.486954,0.515599,0.470384,0.476115,-2.276550833
5/19/2021,0.476435,0.684735,0.218267,0.333123,-43.02074609
5/20/2021,0.330252,0.433192,0.296253,0.400194,17.47702364
5/21/2021,0.398124,0.411975,0.314766,0.359382,-10.78017263
5/22/2021,0.358717,0.360517,0.318169,0.342371,-4.774352968
5/23/2021,0.342522,0.350863,0.249437,0.308071,-11.18281175
5/24/2021,0.306715,0.371485,0.296291,0.366162,16.23516367
5/25/2021,0.366041,0.38001,0.323497,0.346302,-5.699938204
5/26/2021,0.346396,0.36592,0.338857,0.353693,2.063088611
5/27/2021,0.353463,0.353463,0.328144,0.332945,-6.162579405
5/28/2021,0.333651,0.347879,0.301518,0.311205,-7.212609052
5/29/2021,0.311398,0.317919,0.281793,0.30311,-2.734320874
5/30/2021,0.302969,0.310324,0.28768,0.302224,-0.246505903
5/31/2021,0.301949,0.329163,0.29433,0.32581,7.323593505
6/1/2021,0.325744,0.383079,0.31236,0.370077,11.97939888
6/2/2021,0.370302,0.44459,0.352588,0.423374,12.53548872
6/3/2021,0.423739,0.440763,0.378819,0.399963,-5.944549871
6/4/2021,0.400982,0.400982,0.351442,0.376323,-6.552615705
6/5/2021,0.376752,0.393886,0.360488,0.372177,-1.229253823
6/6/2021,0.371676,0.376798,0.367254,0.371807,0.035233333
6/7/2021,0.371566,0.379678,0.329806,0.33105,-12.23863465
6/8/2021,0.331822,0.341435,0.29666,0.327687,-1.261874899
6/9/2021,0.326423,0.353762,0.313131,0.343331,4.924693663
6/10/2021,0.343339,0.344529,0.323278,0.326351,-5.205438316
6/11/2021,0.326364,0.333223,0.311502,0.319359,-2.193456267
6/12/2021,0.318893,0.319332,0.301804,0.312084,-2.181784391
6/13/2021,0.312485,0.330026,0.307892,0.324382,3.667589447
6/14/2021,0.323903,0.336927,0.320087,0.332085,2.463827032
6/15/2021,0.326785,0.330495,0.316976,0.328381,0.486020811
6/16/2021,0.320378,0.321393,0.305485,0.307761,-4.099609762
6/17/2021,0.307749,0.314011,0.303316,0.306496,-0.408814471
6/18/2021,0.306428,0.307752,0.280481,0.293472,-4.414731218
6/19/2021,0.293649,0.297803,0.286189,0.287356,-2.189966453
6/20/2021,0.286394,0.289727,0.256467,0.2809,-1.955856177
6/21/2021,0.28066,0.280889,0.166491,0.178691,-57.06442966
6/22/2021,0.178682,0.216122,0.164654,0.191031,6.464395831
6/23/2021,0.190671,0.24711,0.180979,0.232174,17.87581727
6/24/2021,0.23497,0.26869,0.222527,0.262782,10.58367773
6/25/2021,0.26348,0.289145,0.230006,0.239153,-10.17214921
6/26/2021,0.237673,0.255127,0.230972,0.244784,2.905010131
6/27/2021,0.246045,0.266891,0.240894,0.26445,6.959727737
6/28/2021,0.264918,0.266982,0.250762,0.256857,-3.138322101
6/29/2021,0.257061,0.27494,0.252988,0.262769,2.172250151
6/30/2021,0.263417,0.263538,0.238268,0.254215,-3.619770667
7/1/2021,0.253828,0.260092,0.238677,0.244549,-3.794331606
7/2/2021,0.243982,0.247997,0.238848,0.245264,0.522702068
7/3/2021,0.245106,0.250214,0.242454,0.246411,0.52960298
7/4/2021,0.246425,0.252567,0.243425,0.246483,0.023531035
7/5/2021,0.246419,0.246419,0.227838,0.231614,-6.39210065
7/6/2021,0.231216,0.24191,0.229842,0.234422,1.36761908
7/7/2021,0.234301,0.237851,0.222576,0.224126,-4.539857045
7/8/2021,0.224383,0.22493,0.202987,0.207597,-8.085858659
7/9/2021,0.207073,0.229139,0.196607,0.219864,5.817687298
7/10/2021,0.219846,0.227681,0.210745,0.21392,-2.770194465
7/11/2021,0.213887,0.218745,0.210931,0.215856,0.912182196
7/12/2021,0.21601,0.218965,0.204506,0.208048,-3.827001461
7/13/2021,0.208009,0.208062,0.198163,0.200003,-4.002939956
7/14/2021,0.199978,0.204483,0.187752,0.197324,-1.344996047
7/15/2021,0.197749,0.20084,0.180786,0.184888,-6.956103154
7/16/2021,0.185238,0.188322,0.171612,0.172345,-7.480924889
7/17/2021,0.172118,0.204937,0.16923,0.186125,7.525587643
7/18/2021,0.186841,0.195788,0.180886,0.182233,-2.528630929
7/19/2021,0.181818,0.18395,0.170712,0.173556,-4.760423149
7/20/2021,0.173763,0.178895,0.160728,0.170801,-1.734181884
7/21/2021,0.170527,0.21421,0.168719,0.190349,10.41350362
7/22/2021,0.19048,0.196404,0.186664,0.191303,0.430207576
7/23/2021,0.191359,0.199531,0.18354,0.194764,1.748269701
7/24/2021,0.194823,0.204369,0.191344,0.197319,1.264956745
7/25/2021,0.197173,0.200451,0.191697,0.197864,0.349229774
7/26/2021,0.19803,0.232767,0.197063,0.204419,3.12544333
7/27/2021,0.203836,0.209293,0.19535,0.205899,1.001947557
7/28/2021,0.206111,0.213746,0.202011,0.205392,-0.35006232
7/29/2021,0.205591,0.206355,0.200716,0.204619,-0.475029201
7/30/2021,0.205023,0.210643,0.196535,0.208821,1.818782594
7/31/2021,0.208638,0.214345,0.204897,0.208314,-0.155534434
8/1/2021,0.207753,0.217611,0.201389,0.204437,-1.622015584
8/2/2021,0.204279,0.209959,0.202188,0.2036,-0.333497053
8/3/2021,0.203431,0.205077,0.19375,0.195967,-3.808804544
8/4/2021,0.196312,0.20311,0.19445,0.20149,2.569854583
8/5/2021,0.201575,0.202513,0.194685,0.200974,-0.299043657
8/6/2021,0.20096,0.211756,0.198617,0.204688,1.821308528
8/7/2021,0.204846,0.26199,0.203772,0.260341,21.31627366
8/8/2021,0.261956,0.281379,0.235348,0.240045,-9.127871857
8/9/2021,0.240122,0.266265,0.23141,0.256897,6.529854377
8/10/2021,0.256366,0.262791,0.245352,0.257325,0.372680462
8/11/2021,0.257424,0.282482,0.256382,0.265263,2.95518033
8/12/2021,0.264853,0.294142,0.252775,0.263921,-0.353135976
8/13/2021,0.264249,0.287188,0.261907,0.286808,7.86554071
8/14/2021,0.286801,0.298456,0.277154,0.293113,2.153435706
8/15/2021,0.294086,0.348722,0.287063,0.341441,13.86916041
8/16/2021,0.340165,0.350953,0.310828,0.320715,-6.064574466
8/17/2021,0.319631,0.339462,0.295763,0.299442,-6.742207172
8/18/2021,0.299203,0.324227,0.282016,0.303739,1.493387415
8/19/2021,0.303376,0.319018,0.294088,0.317144,4.341245617
8/20/2021,0.317571,0.333223,0.314142,0.327491,3.029090876
8/21/2021,0.327395,0.329356,0.315433,0.316797,-3.345359962
8/22/2021,0.317085,0.321541,0.306546,0.314963,-0.67372993
8/23/2021,0.314926,0.328094,0.313368,0.317914,0.939876822
8/24/2021,0.318386,0.319757,0.277777,0.288739,-10.26775046
8/25/2021,0.289218,0.296815,0.279995,0.292226,1.029340305
8/26/2021,0.292794,0.296002,0.265313,0.268909,-8.882186911
8/27/2021,0.268819,0.294845,0.265392,0.294433,8.699432469
8/28/2021,0.294631,0.29917,0.283273,0.285629,-3.151640765
8/29/2021,0.285863,0.291663,0.277486,0.281125,-1.685371276
8/30/2021,0.281233,0.289559,0.270375,0.272125,-3.346991272
8/31/2021,0.271878,0.285819,0.270047,0.278453,2.361260249
9/1/2021,0.278062,0.294889,0.273526,0.294401,5.549913214
9/2/2021,0.294393,0.309227,0.29201,0.295955,0.52778294
9/3/2021,0.294754,0.304494,0.288541,0.296273,0.512702811
9/4/2021,0.296068,0.308731,0.293342,0.299388,1.108928882
9/5/2021,0.299324,0.315009,0.296582,0.314527,4.83360729
9/6/2021,0.314315,0.319751,0.300451,0.308765,-1.797483523
9/7/2021,0.308951,0.31103,0.216527,0.253744,-21.75696765
9/8/2021,0.254266,0.26329,0.234864,0.257113,1.107295236
9/9/2021,0.250362,0.259558,0.24927,0.252596,0.884416222
9/10/2021,0.252585,0.261622,0.235909,0.239982,-5.251643873
9/11/2021,0.239826,0.248018,0.238487,0.241432,0.665197654
9/12/2021,0.241329,0.254794,0.239233,0.250617,3.70605346
9/13/2021,0.250624,0.252031,0.228911,0.235906,-6.238925674
9/14/2021,0.236063,0.241678,0.233962,0.240709,1.930131403
9/15/2021,0.24059,0.248322,0.239215,0.247697,2.869231359
9/16/2021,0.247542,0.247733,0.233852,0.242555,-2.05602853
9/17/2021,0.242098,0.259535,0.238026,0.23993,-0.903596882
9/18/2021,0.239928,0.247328,0.238228,0.241386,0.604011832
9/19/2021,0.241281,0.241285,0.231337,0.233142,-3.491005482
9/20/2021,0.233161,0.233606,0.200022,0.207071,-12.59954315
9/21/2021,0.208773,0.218094,0.198161,0.201027,-3.853213747
9/22/2021,0.200822,0.229423,0.200224,0.224858,10.68941287
9/23/2021,0.224748,0.227095,0.218115,0.224832,0.03736123
9/24/2021,0.224726,0.228267,0.19772,0.209451,-7.292875183
9/25/2021,0.209348,0.212604,0.204875,0.20864,-0.339340491
9/26/2021,0.20873,0.209068,0.194489,0.204962,-1.838389555
9/27/2021,0.205241,0.209281,0.200078,0.200262,-2.486243022
9/28/2021,0.200001,0.202579,0.196352,0.196804,-1.624458852
9/29/2021,0.19698,0.204144,0.195042,0.198876,0.953357871
9/30/2021,0.198869,0.205806,0.197855,0.204244,2.631656254
10/1/2021,0.204427,0.224607,0.201994,0.22301,8.332810188
10/2/2021,0.222741,0.224955,0.215493,0.219133,-1.646488662
10/3/2021,0.218811,0.226228,0.215872,0.221748,1.324476433
10/4/2021,0.22193,0.247924,0.213284,0.240852,7.856276884
10/5/2021,0.24124,0.267787,0.233588,0.252016,4.275918989
10/6/2021,0.252008,0.271509,0.243096,0.255134,1.225238502
10/7/2021,0.25434,0.256739,0.239127,0.242923,-4.69984316
10/8/2021,0.243023,0.254764,0.241692,0.243851,0.339551611
10/9/2021,0.243495,0.251966,0.241757,0.246596,1.257522425
10/10/2021,0.246572,0.248663,0.227858,0.229805,-7.296185897
10/11/2021,0.22945,0.239381,0.225521,0.231503,0.886813562
10/12/2021,0.231525,0.231718,0.216447,0.226242,-2.335110192
10/13/2021,0.226175,0.233943,0.221061,0.232572,2.750546067
10/14/2021,0.232561,0.23988,0.231497,0.232273,-0.123992027
10/15/2021,0.232644,0.243469,0.22575,0.233782,0.486778281
10/16/2021,0.233881,0.244447,0.233683,0.237292,1.437469447
10/17/2021,0.237193,0.241973,0.22638,0.237898,0.296345493
10/18/2021,0.237806,0.271394,0.237488,0.247281,3.831673279
10/19/2021,0.247378,0.254611,0.240651,0.245788,-0.646898954
10/20/2021,0.245502,0.261555,0.242384,0.254093,3.381045523
10/21/2021,0.254793,0.258261,0.242273,0.242391,-5.116526604
10/22/2021,0.242479,0.252772,0.236472,0.244221,0.713288374
10/23/2021,0.244514,0.25314,0.241589,0.251733,2.867720958
10/24/2021,0.251432,0.281935,0.246028,0.277048,9.246051226
10/25/2021,0.275745,0.279472,0.26022,0.264707,-4.169893505
10/26/2021,0.264783,0.274317,0.253721,0.255732,-3.539252029
10/27/2021,0.255836,0.263317,0.220328,0.23769,-7.634313602
10/28/2021,0.237381,0.338843,0.233334,0.300447,20.99072382
10/29/2021,0.299964,0.306312,0.279771,0.287853,-4.207355838
10/30/2021,0.287764,0.294647,0.259888,0.268345,-7.236579776
10/31/2021,0.269239,0.284707,0.252614,0.280244,3.926935099
11/1/2021,0.280123,0.285551,0.264089,0.271728,-3.089486545
11/2/2021,0.271892,0.280686,0.267597,0.273121,0.449983707
11/3/2021,0.273504,0.277104,0.263979,0.269407,-1.520747419
11/4/2021,0.269112,0.270865,0.254711,0.26328,-2.215132179
11/5/2021,0.263655,0.270789,0.257888,0.261465,-0.837588205
11/6/2021,0.261264,0.267697,0.250521,0.261898,0.242078977
11/7/2021,0.261971,0.269849,0.258967,0.266315,1.63115108
11/8/2021,0.266728,0.296532,0.264918,0.282359,5.535860376
11/9/2021,0.282539,0.289668,0.271752,0.273526,-3.295116369
11/10/2021,0.273597,0.276989,0.23803,0.255709,-6.995451861
11/11/2021,0.255705,0.269965,0.253283,0.261167,2.091382142
11/12/2021,0.260937,0.268437,0.249457,0.259414,-0.587092447
11/13/2021,0.259618,0.262251,0.25454,0.261706,0.797841853
11/14/2021,0.261591,0.271257,0.260275,0.262912,0.502449489
11/15/2021,0.26287,0.26517,0.256367,0.256529,-2.471845288
11/16/2021,0.257094,0.257094,0.226394,0.237249,-8.364629566
11/17/2021,0.23701,0.240906,0.232859,0.237487,0.200853099
11/18/2021,0.237556,0.241091,0.216099,0.221383,-7.30543899
11/19/2021,0.220995,0.236832,0.216518,0.23311,5.197117241
11/20/2021,0.233174,0.235953,0.225451,0.233024,-0.064371052
11/21/2021,0.233255,0.23335,0.22568,0.226328,-3.060602312
11/22/2021,0.22616,0.227531,0.216898,0.219676,-2.951619658
11/23/2021,0.219666,0.236201,0.214566,0.226512,3.022356431
11/24/2021,0.22668,0.230245,0.211836,0.221825,-2.188662234
11/25/2021,0.217132,0.22881,0.214317,0.216326,-0.37258582
11/26/2021,0.221047,0.221759,0.190344,0.200887,-10.03549259
11/27/2021,0.201429,0.209613,0.200871,0.205347,1.90798989
11/28/2021,0.205295,0.207472,0.193064,0.207472,1.049298219
11/29/2021,0.207444,0.223692,0.203252,0.215175,3.592889509
11/30/2021,0.215111,0.22689,0.213251,0.214715,-0.184430524
12/1/2021,0.214487,0.218496,0.206298,0.209487,-2.386782951
12/2/2021,0.209476,0.223011,0.202169,0.209726,0.119203151
12/3/2021,0.209463,0.211991,0.193274,0.199993,-4.735165731
12/4/2021,0.200356,0.200562,0.132826,0.178853,-12.02272257
12/5/2021,0.178263,0.181133,0.162949,0.171255,-4.092143295
12/6/2021,0.171383,0.180527,0.159558,0.1784,3.933295964
12/7/2021,0.178374,0.183539,0.175505,0.176805,-0.887418342
12/8/2021,0.176609,0.182168,0.17263,0.179151,1.41891477
12/9/2021,0.178961,0.18189,0.169484,0.169484,-5.591678271
12/10/2021,0.169466,0.17461,0.164065,0.164422,-3.067715999
12/11/2021,0.164499,0.17008,0.161817,0.169019,2.674255557
12/12/2021,0.168904,0.172899,0.165899,0.169891,0.580960734
12/13/2021,0.16988,0.170615,0.151996,0.157565,-7.815822042
12/14/2021,0.157465,0.219632,0.155447,0.180157,12.59568043
12/15/2021,0.191144,0.191144,0.171266,0.181082,-5.556598668
12/16/2021,0.181171,0.184933,0.172655,0.173454,-4.449018183
12/17/2021,0.173381,0.176559,0.162263,0.16901,-2.586237501
12/18/2021,0.1691,0.174874,0.166244,0.1724,1.914153132
12/19/2021,0.172533,0.174378,0.169382,0.169576,-1.74376091
12/20/2021,0.169523,0.170833,0.161497,0.167322,-1.315427738
12/21/2021,0.167098,0.17234,0.166108,0.171175,2.381773039
12/22/2021,0.171129,0.179585,0.170055,0.173214,1.203713326
12/23/2021,0.173209,0.184522,0.17174,0.18449,6.114694563
12/24/2021,0.184979,0.19529,0.179761,0.186622,0.880389236
12/25/2021,0.186712,0.194876,0.185571,0.190657,2.069160849
12/26/2021,0.190567,0.192546,0.185646,0.19002,-0.287864435
12/27/2021,0.189986,0.192923,0.187239,0.187705,-1.21520471
12/28/2021,0.187847,0.187885,0.172738,0.174117,-7.885502277
12/29/2021,0.174095,0.177339,0.16676,0.167765,-3.77313504
12/30/2021,0.168137,0.175771,0.165381,0.171313,1.853916515
12/31/2021,0.171317,0.175294,0.167307,0.170496,-0.481536224
1/1/2022,0.17051,0.173423,0.170353,0.173035,1.45924235
1/2/2022,0.173027,0.175989,0.171201,0.174403,0.788977254
1/3/2022,0.174406,0.174406,0.168271,0.170088,-2.538685857
1/4/2022,0.170151,0.172339,0.168128,0.168803,-0.798564007
1/5/2022,0.168835,0.170747,0.151898,0.15942,-5.905783465
1/6/2022,0.159436,0.161706,0.155142,0.160213,0.484979371
1/7/2022,0.160205,0.160295,0.151299,0.155023,-3.342729788
1/8/2022,0.155031,0.157725,0.147669,0.151954,-2.024954921
1/9/2022,0.151959,0.153742,0.149607,0.151065,-0.591798233
1/10/2022,0.151073,0.152135,0.13984,0.143359,-5.380896909
1/11/2022,0.143351,0.164621,0.142647,0.153399,6.550238268
1/12/2022,0.153458,0.161652,0.152095,0.161652,5.068913468
1/13/2022,0.161562,0.174792,0.161562,0.172043,6.092081631
1/14/2022,0.172053,0.203232,0.171283,0.183549,6.26317768
1/15/2022,0.183644,0.1936,0.182676,0.185103,0.788209808
1/16/2022,0.185093,0.185093,0.175327,0.177176,-4.468438163
1/17/2022,0.177187,0.177872,0.166891,0.171145,-3.53033977
1/18/2022,0.171086,0.17379,0.162565,0.165485,-3.384596791
1/19/2022,0.165485,0.168647,0.160122,0.162356,-1.927246298
1/20/2022,0.162346,0.168846,0.155176,0.155204,-4.601685524
1/21/2022,0.155263,0.157156,0.141496,0.14264,-8.849551318
1/22/2022,0.142651,0.145027,0.122816,0.132892,-7.343557174
1/23/2022,0.13296,0.143072,0.132819,0.141863,6.275773105
1/24/2022,0.141881,0.141951,0.12722,0.137798,-2.963032845
1/25/2022,0.137784,0.147236,0.133235,0.143049,3.680557012
1/26/2022,0.143014,0.152603,0.142152,0.143789,0.538984206
1/27/2022,0.143756,0.14501,0.136947,0.141247,-1.776320913
1/28/2022,0.141244,0.142413,0.13838,0.141656,0.290845428
1/29/2022,0.141649,0.143984,0.14148,0.143056,0.983530925
1/30/2022,0.143057,0.143515,0.138754,0.139471,-2.571143822
1/31/2022,0.139469,0.142264,0.136853,0.141805,1.647332605
2/1/2022,0.141805,0.144129,0.141125,0.142631,0.579116742
2/2/2022,0.142626,0.145253,0.136918,0.137235,-3.928298175
2/3/2022,0.137213,0.138747,0.135565,0.137541,0.238474346
2/4/2022,0.137523,0.147592,0.13725,0.147503,6.765964082
2/5/2022,0.147533,0.15014,0.14541,0.147141,-0.266411129
2/6/2022,0.14714,0.154775,0.145258,0.15377,4.311634259
2/7/2022,0.153803,0.171586,0.151741,0.165578,7.111452004
2/8/2022,0.165606,0.169145,0.153709,0.158405,-4.545942363
2/9/2022,0.158357,0.160704,0.155035,0.159123,0.481388611
2/10/2022,0.159145,0.160437,0.151497,0.151889,-4.777172804
2/11/2022,0.151895,0.154069,0.143349,0.144847,-4.865823938
2/12/2022,0.144856,0.147013,0.141678,0.144405,-0.312316056
2/13/2022,0.144379,0.157354,0.144031,0.148948,3.067513495
2/14/2022,0.148869,0.150132,0.143649,0.146003,-1.962973364
2/15/2022,0.145996,0.152199,0.145203,0.151761,3.798736171
2/16/2022,0.151779,0.151824,0.146771,0.149095,-1.800194507
2/17/2022,0.14905,0.149889,0.138071,0.138552,-7.576938622
2/18/2022,0.138594,0.142097,0.13696,0.138768,0.125389139
2/19/2022,0.138764,0.145906,0.138751,0.141206,1.72938827
2/20/2022,0.141197,0.141197,0.135852,0.136868,-3.162901482
2/21/2022,0.136838,0.141345,0.128246,0.12849,-6.497003658
2/22/2022,0.128488,0.131696,0.125365,0.131553,2.329859448
2/23/2022,0.131561,0.135337,0.127846,0.127846,-2.905839839
2/24/2022,0.127821,0.127851,0.109555,0.123813,-3.23713988
2/25/2022,0.123843,0.128181,0.120983,0.127576,2.926098953
2/26/2022,0.127568,0.130071,0.126199,0.127647,0.061889429
2/27/2022,0.127639,0.128235,0.122053,0.123111,-3.677981659
2/28/2022,0.123118,0.134479,0.121954,0.133156,7.53852624
3/1/2022,0.133174,0.13773,0.130462,0.133938,0.570413176
3/2/2022,0.133964,0.136214,0.131232,0.13299,-0.732385894
3/3/2022,0.132998,0.133649,0.12781,0.12961,-2.613995834
3/4/2022,0.129631,0.129856,0.121544,0.122591,-5.74267279
3/5/2022,0.122614,0.125375,0.121572,0.124996,1.905660981
3/6/2022,0.125025,0.125611,0.120384,0.120766,-3.526654853
3/7/2022,0.120769,0.122563,0.115015,0.117105,-3.12881602
3/8/2022,0.117106,0.119724,0.115838,0.117029,-0.065795657
3/9/2022,0.117047,0.123734,0.116766,0.121588,3.73474356
3/10/2022,0.121572,0.121612,0.115532,0.116885,-4.009924285
3/11/2022,0.116893,0.118293,0.11457,0.115602,-1.116762686
3/12/2022,0.115608,0.117239,0.115132,0.115136,-0.409949972
3/13/2022,0.11508,0.116231,0.110686,0.111608,-3.110888108
3/14/2022,0.111607,0.118967,0.110817,0.114048,2.14032688
3/15/2022,0.114043,0.114213,0.110937,0.112784,-1.116293091
3/16/2022,0.112779,0.116908,0.112364,0.116908,3.531837
3/17/2022,0.116907,0.11871,0.116281,0.116502,-0.347633517
3/18/2022,0.11649,0.119375,0.114568,0.119306,2.360317168
3/19/2022,0.119278,0.124573,0.11853,0.123569,3.472553796
3/20/2022,0.123579,0.123919,0.117991,0.119154,-3.713681454
3/21/2022,0.119146,0.121332,0.118306,0.119339,0.161724164
3/22/2022,0.119333,0.12535,0.119014,0.122481,2.570194561
3/23/2022,0.122487,0.130713,0.121361,0.129727,5.580950766
3/24/2022,0.129722,0.140605,0.128455,0.13655,5.000366166
3/25/2022,0.136603,0.137275,0.128782,0.131013,-4.266752154
3/26/2022,0.13101,0.136495,0.129878,0.135868,3.57552919
3/27/2022,0.1359,0.144858,0.135703,0.144732,6.102313241
3/28/2022,0.144725,0.152737,0.142457,0.142657,-1.449630933
3/29/2022,0.142557,0.148559,0.14129,0.14447,1.324150343
3/30/2022,0.144456,0.144997,0.13988,0.14321,-0.870050974
3/31/2022,0.143184,0.14722,0.137172,0.137826,-3.887510339
4/1/2022,0.137922,0.142394,0.133209,0.141315,2.401019
4/2/2022,0.14131,0.144069,0.138882,0.138913,-1.725540446
4/3/2022,0.138903,0.148558,0.137088,0.146453,5.155237516
4/4/2022,0.146413,0.155312,0.142008,0.148591,1.465768452
4/5/2022,0.148614,0.178045,0.147727,0.172907,14.04974929
4/6/2022,0.172485,0.173497,0.143291,0.143417,-20.26816905
4/7/2022,0.143432,0.148028,0.141312,0.146102,1.827490383
4/8/2022,0.146106,0.152716,0.141608,0.142549,-2.495282324
4/9/2022,0.142544,0.144462,0.141416,0.144303,1.218962877
4/10/2022,0.144304,0.156972,0.143863,0.149535,3.498177684
4/11/2022,0.149374,0.151292,0.133818,0.134654,-10.9317213
4/12/2022,0.134652,0.144122,0.134243,0.138076,2.479793737
4/13/2022,0.13807,0.142608,0.137067,0.14008,1.434894346
4/14/2022,0.140053,0.146633,0.138101,0.14392,2.686909394
4/15/2022,0.143917,0.149287,0.142767,0.146026,1.44426335
4/16/2022,0.146017,0.147811,0.142093,0.143712,-1.603902249
4/17/2022,0.143693,0.144709,0.138995,0.139459,-3.036017754
4/18/2022,0.139471,0.140461,0.134384,0.140286,0.580956047
4/19/2022,0.140297,0.144141,0.1395,0.142665,1.659832475
4/20/2022,0.142677,0.146241,0.139595,0.140878,-1.276991439
4/21/2022,0.140868,0.142448,0.135255,0.136365,-3.302166978
4/22/2022,0.136357,0.137908,0.134985,0.136395,0.027860259
4/23/2022,0.136387,0.136495,0.13381,0.134241,-1.598617412
4/24/2022,0.134202,0.13469,0.131502,0.131947,-1.709019531
4/25/2022,0.131936,0.167735,0.123869,0.157959,16.4745282
4/26/2022,0.157777,0.165278,0.137424,0.137767,-14.52452329
4/27/2022,0.137847,0.145405,0.136272,0.1397,1.326413744
4/28/2022,0.139691,0.142618,0.136058,0.137363,-1.694779526
4/29/2022,0.137376,0.144643,0.134099,0.135027,-1.73965207
4/30/2022,0.135033,0.136528,0.126239,0.127557,-5.860909241
5/1/2022,0.127589,0.134821,0.127533,0.132773,3.904408276
5/2/2022,0.132794,0.133783,0.1283,0.130938,-1.417464754
5/3/2022,0.130935,0.131833,0.127399,0.12952,-1.092495368
5/4/2022,0.129514,0.135809,0.129313,0.135809,4.635186181
5/5/2022,0.135813,0.137313,0.126697,0.12843,-5.748656856
5/6/2022,0.128403,0.129305,0.124566,0.127901,-0.392491067
5/7/2022,0.12789,0.13192,0.125365,0.127532,-0.28071386
5/8/2022,0.127527,0.128017,0.123974,0.124207,-2.672957241
5/9/2022,0.1242,0.125136,0.104824,0.104824,-18.48431657
5/10/2022,0.104708,0.117775,0.100881,0.108477,3.474469242
5/11/2022,0.108449,0.110565,0.080036,0.084581,-28.21910358
5/12/2022,0.084636,0.089028,0.070037,0.082671,-2.376891534
5/13/2022,0.082639,0.094254,0.082371,0.088331,6.443943802
5/14/2022,0.088341,0.091598,0.084483,0.089796,1.620339436
5/15/2022,0.089785,0.092843,0.086876,0.092843,3.29373243
5/16/2022,0.092867,0.093061,0.086428,0.087841,-5.721701711
5/17/2022,0.087836,0.091112,0.087484,0.090213,2.63487524
5/18/2022,0.090221,0.090797,0.083649,0.083649,-7.856639051
5/19/2022,0.083635,0.087124,0.082087,0.086723,3.560762427
5/20/2022,0.086719,0.08775,0.082859,0.083977,-3.265179752
5/21/2022,0.083972,0.08511,0.082932,0.084463,0.581319631
5/22/2022,0.084448,0.08648,0.084058,0.086105,1.924394634
5/23/2022,0.086084,0.08811,0.082858,0.083253,-3.400478061
5/24/2022,0.083267,0.084317,0.080811,0.083637,0.442387938
5/25/2022,0.083628,0.084338,0.082319,0.082985,-0.774838826
5/26/2022,0.082994,0.0836,0.076065,0.078252,-6.059909012
5/27/2022,0.078211,0.085384,0.076582,0.081335,3.840904899
5/28/2022,0.082248,0.083048,0.081151,0.081839,-0.499761727
5/29/2022,0.081838,0.083034,0.080299,0.082686,1.025566601
5/30/2022,0.082684,0.088275,0.082269,0.087871,5.902971401
5/31/2022,0.087865,0.08823,0.083612,0.085865,-2.329237757
6/1/2022,0.085855,0.088647,0.079807,0.081056,-5.920598105
6/2/2022,0.081052,0.083007,0.080417,0.082772,2.07799739
6/3/2022,0.082777,0.082857,0.079756,0.080442,-2.902712513
6/4/2022,0.080454,0.082337,0.079727,0.081777,1.6178143
6/5/2022,0.081776,0.082138,0.080836,0.081229,-0.673404818
6/6/2022,0.081225,0.084559,0.081126,0.08253,1.581243184
6/7/2022,0.08253,0.08253,0.078332,0.080513,-2.505185498
6/8/2022,0.080492,0.08142,0.079156,0.079439,-1.325545387
6/9/2022,0.079436,0.080898,0.079082,0.079336,-0.126046183
6/10/2022,0.079335,0.079521,0.074804,0.075454,-5.143531158
6/11/2022,0.075472,0.076399,0.068596,0.069895,-7.979111524
6/12/2022,0.069919,0.070345,0.063861,0.064336,-8.677878637
6/13/2022,0.064275,0.065702,0.053002,0.053921,-19.20216613
6/14/2022,0.053941,0.058154,0.050267,0.055592,2.969851777
6/15/2022,0.055577,0.063472,0.05067,0.063,11.78253968
6/16/2022,0.062977,0.062977,0.054508,0.055029,-14.44329354
6/17/2022,0.055047,0.057911,0.054898,0.056995,3.41784367
6/18/2022,0.056979,0.057755,0.04972,0.053012,-7.483211348
6/19/2022,0.053007,0.062472,0.051308,0.060396,12.23425392
6/20/2022,0.060399,0.061157,0.057707,0.060177,-0.36891171
6/21/2022,0.060175,0.069324,0.059315,0.065571,8.229247686
6/22/2022,0.065606,0.065751,0.061389,0.061711,-6.311678631
6/23/2022,0.061703,0.064615,0.061703,0.064032,3.637243878
6/24/2022,0.064019,0.068162,0.064004,0.067124,4.625767237
6/25/2022,0.06711,0.069112,0.065384,0.068503,2.033487584
6/26/2022,0.068488,0.076966,0.067504,0.073177,6.407751069
6/27/2022,0.073154,0.078389,0.071018,0.072239,-1.266628829
6/28/2022,0.072221,0.072951,0.065723,0.065957,-9.497096593
6/29/2022,0.065996,0.071335,0.064635,0.069468,4.997984684
6/30/2022,0.069481,0.069513,0.062746,0.066086,-5.137245407
7/1/2022,0.066208,0.067862,0.064224,0.066175,-0.049867775
7/2/2022,0.066205,0.067692,0.065933,0.066698,0.739152598
7/3/2022,0.066698,0.067356,0.065111,0.067179,0.715997559
7/4/2022,0.067174,0.069605,0.065927,0.069472,3.307807462
7/5/2022,0.069431,0.069841,0.065697,0.067155,-3.389174298
7/6/2022,0.067172,0.069058,0.066448,0.068583,2.057361154
7/7/2022,0.068579,0.071124,0.068053,0.070621,2.8914912
7/8/2022,0.070618,0.073009,0.068541,0.069257,-1.965144318
7/9/2022,0.069224,0.070009,0.068995,0.069512,0.414316952
7/10/2022,0.069509,0.069509,0.066533,0.067263,-3.339131469
7/11/2022,0.067268,0.067268,0.061535,0.061847,-8.765178586
7/12/2022,0.061851,0.062861,0.060087,0.060087,-2.935743172
7/13/2022,0.060085,0.062011,0.058398,0.061953,3.015188934
7/14/2022,0.061933,0.062632,0.059741,0.062394,0.738853095
7/15/2022,0.0624,0.064259,0.061747,0.063042,1.018368707
7/16/2022,0.063037,0.064725,0.06187,0.06428,1.933727442
7/17/2022,0.064288,0.065394,0.063101,0.063107,-1.871424723
7/18/2022,0.063114,0.068674,0.063114,0.067715,6.794654065
7/19/2022,0.06769,0.0699,0.065752,0.069013,1.917030125
7/20/2022,0.069015,0.076574,0.067928,0.07012,1.575869937
7/21/2022,0.070124,0.070732,0.067237,0.06996,-0.234419668
7/22/2022,0.06997,0.07127,0.067003,0.067563,-3.562600832
7/23/2022,0.067531,0.069332,0.066277,0.068124,0.870471493
7/24/2022,0.068116,0.068854,0.067589,0.067724,-0.578819916
7/25/2022,0.067716,0.06788,0.062306,0.062306,-8.682951883
7/26/2022,0.062319,0.062512,0.060425,0.062512,0.308740722
7/27/2022,0.062514,0.067021,0.061886,0.067021,6.724757912
7/28/2022,0.067031,0.070577,0.065591,0.069108,3.005440759
7/29/2022,0.069104,0.072004,0.067549,0.068909,-0.282981904
7/30/2022,0.068905,0.07391,0.068186,0.069644,1.061110792
7/31/2022,0.069642,0.072028,0.068054,0.068272,-2.006679166
8/1/2022,0.068266,0.070721,0.067187,0.068725,0.667879229
8/2/2022,0.068708,0.068896,0.065809,0.066694,-3.019761898
8/3/2022,0.066692,0.06832,0.065516,0.066195,-0.750811995
8/4/2022,0.066197,0.067502,0.066007,0.067357,1.722166961
8/5/2022,0.067333,0.070117,0.067256,0.069765,3.485988676
8/6/2022,0.069766,0.070999,0.068586,0.068674,-1.590121443
8/7/2022,0.068669,0.069899,0.067747,0.06894,0.393095445
8/8/2022,0.068946,0.072058,0.068923,0.070055,1.583041896
8/9/2022,0.070061,0.073886,0.068462,0.069125,-1.354068716
8/10/2022,0.069119,0.071309,0.067389,0.071195,2.915935108
8/11/2022,0.071205,0.074646,0.070727,0.07093,-0.387706189
8/12/2022,0.070931,0.07248,0.070027,0.072345,1.954523464
8/13/2022,0.072344,0.07486,0.071951,0.07284,0.680944536
8/14/2022,0.072856,0.084013,0.072754,0.081687,10.81077772
8/15/2022,0.081698,0.08182,0.075151,0.07672,-6.488529718
8/16/2022,0.076695,0.088639,0.076394,0.086964,11.80833448
8/17/2022,0.086933,0.088113,0.079927,0.080154,-8.457469371
8/18/2022,0.080174,0.082087,0.074989,0.075079,-6.786185218
8/19/2022,0.075045,0.075183,0.067536,0.067939,-10.45938268
8/20/2022,0.067897,0.070961,0.067897,0.06954,2.362668968
8/21/2022,0.069529,0.070646,0.067847,0.069448,-0.116634028
8/22/2022,0.069441,0.069489,0.065606,0.068391,-1.535289731
8/23/2022,0.068395,0.069169,0.067213,0.06877,0.545295914
,,,,,
,,,,,
,,,,,
,,,,,
,,,,,
,,,,,
,,,,,
,,,,,
,,,,,
,,,,,
,,,,,
,,,,,
,,,,,
,,,,,
,,,,,
,,,,,
,,,,,
,,,,,
,,,,,
,,,,,
,,,,,
,,,,,
,,,,,
,,,,,
,,,,,
,,,,,
,,,,,
,,,,,
,,,,,
,,,,,
,,,,,
,,,,,
,,,,,
,,,,,
,,,,,
,,,,,
,,,,,
,,,,,
,,,,,
,,,,,
,,,,,
,,,,,
,,,,,
,,,,,
,,,,,
,,,,,
,,,,,
,,,,,
,,,,,
,,,,,
,,,,,
,,,,,
,,,,,
,,,,,
,,,,,
,,,,,
,,,,,
,,,,,
,,,,,
,,,,,
,,,,,
,,,,,
,,,,,
,,,,,
,,,,,
,,,,,
,,,,,
,,,,,
,,,,,
,,,,,
,,,,,
,,,,,
,,,,,
,,,,,
,,,,,
,,,,,
,,,,,
,,,,,
,,,,,
,,,,,
,,,,,
,,,,,
,,,,,
,,,,,
,,,,,
,,,,,
,,,,,
,,,,,
,,,,,
,,,,,
,,,,,
,,,,,
,,,,,
,,,,,
,,,,,
,,,,,
,,,,,
,,,,,
,,,,,
,,,,,
,,,,,
,,,,,
,,,,,
,,,,,
,,,,,
,,,,,
,,,,,
,,,,,
,,,,,
,,,,,
,,,,,
,,,,,
,,,,,
,,,,,
,,,,,
,,,,,
,,,,,
,,,,,
,,,,,
,,,,,
,,,,,
,,,,,
,,,,,
,,,,,
,,,,,
,,,,,
,,,,,
,,,,,
,,,,,
,,,,,
,,,,,
,,,,,
,,,,,
,,,,,
,,,,,
,,,,,
,,,,,
,,,,,
,,,,,
,,,,,
,,,,,
,,,,,
,,,,,
,,,,,
,,,,,
,,,,,
,,,,,
,,,,,
,,,,,
,,,,,
,,,,,
,,,,,
,,,,,
,,,,,
,,,,,
,,,,,
,,,,,
,,,,,
,,,,,
,,,,,
,,,,,
,,,,,
,,,,,
,,,,,
,,,,,
,,,,,
,,,,,
,,,,,
,,,,,
,,,,,
,,,,,
,,,,,
,,,,,
,,,,,
,,,,,
,,,,,
,,,,,
,,,,,
,,,,,
,,,,,
,,,,,
,,,,,
,,,,,
,,,,,
,,,,,
,,,,,
,,,,,
,,,,,
,,,,,
,,,,,
,,,,,
,,,,,
,,,,,
,,,,,
,,,,,
,,,,,
,,,,,
,,,,,
,,,,,
,,,,,
,,,,,
,,,,,
,,,,,
,,,,,
,,,,,
,,,,,
,,,,,
,,,,,
,,,,,
,,,,,
,,,,,
,,,,,
,,,,,
,,,,,
,,,,,
,,,,,
,,,,,
,,,,,
,,,,,
,,,,,
,,,,,
,,,,,
,,,,,
,,,,,
,,,,,
,,,,,
,,,,,
,,,,,
,,,,,
,,,,,
,,,,,
,,,,,
,,,,,
,,,,,
,,,,,
,,,,,
,,,,,
,,,,,
,,,,,
,,,,,
,,,,,
,,,,,
,,,,,
,,,,,
,,,,,
,,,,,
,,,,,
,,,,,
,,,,,
,,,,,
,,,,,
,,,,,
,,,,,
,,,,,
,,,,,
,,,,,
,,,,,
,,,,,
,,,,,
,,,,,
,,,,,
,,,,,
,,,,,
,,,,,
,,,,,
,,,,,
,,,,,
,,,,,
,,,,,
,,,,,
,,,,,
,,,,,
,,,,,
,,,,,
,,,,,
,,,,,
,,,,,
,,,,,
,,,,,
,,,,,
,,,,,
,,,,,
,,,,,
,,,,,
,,,,,
,,,,,
,,,,,
,,,,,
,,,,,
,,,,,
,,,,,
,,,,,
,,,,,
,,,,,
,,,,,
,,,,,
,,,,,
,,,,,
,,,,,
,,,,,
,,,,,
,,,,,
,,,,,
,,,,,
,,,,,
,,,,,
,,,,,
,,,,,
,,,,,
,,,,,
,,,,,
,,,,,
,,,,,
,,,,,
,,,,,
,,,,,
,,,,,
,,,,,
,,,,,
,,,,,
,,,,,
,,,,,
,,,,,
,,,,,
,,,,,
,,,,,
,,,,,
,,,,,
,,,,,
,,,,,
,,,,,
,,,,,
,,,,,
,,,,,
,,,,,
,,,,,
,,,,,
,,,,,
,,,,,
,,,,,
,,,,,
,,,,,
,,,,,
,,,,,
,,,,,
,,,,,
,,,,,
,,,,,
,,,,,
,,,,,
,,,,,
,,,,,
,,,,,
,,,,,
,,,,,
,,,,,
,,,,,
,,,,,
,,,,,
,,,,,
,,,,,
,,,,,
,,,,,
,,,,,
,,,,,
,,,,,
,,,,,
,,,,,
,,,,,
,,,,,
,,,,,
,,,,,
,,,,,
,,,,,
,,,,,
,,,,,
,,,,,
,,,,,
,,,,,
,,,,,
,,,,,
,,,,,
,,,,,
,,,,,
,,,,,
,,,,,
,,,,,
,,,,,
,,,,,
,,,,,
,,,,,
,,,,,
,,,,,
,,,,,
,,,,,
,,,,,
,,,,,
,,,,,
,,,,,
,,,,,
,,,,,
,,,,,
,,,,,
,,,,,
,,,,,
,,,,,
,,,,,
,,,,,
,,,,,
,,,,,
,,,,,
,,,,,
,,,,,
,,,,,
,,,,,
