Date,Open,High,Low,Close,percentage_difference
2019-01-01,131.9,140.51,130.67,139.61,5.522527039610348
2019-01-02,139.58,155.93,138.74,152.95,8.741418764302045
2019-01-03,152.96,154.3,144.39,146.94,-4.096910303525256
2019-01-04,146.94,155.4,145.29,152.86,3.872824807012963
2019-01-05,152.87,159.78,152.84,153.49,0.40393510977914165
2019-01-06,153.48,158.29,148.63,154.96,0.9550851832731143
2019-01-07,154.96,156.36,148.47,149.96,-3.3342224593224854
2019-01-08,149.96,152.21,146.29,148.41,-1.0444040159019012
2019-01-09,148.41,152.57,147.95,148.79,0.2553935076281978
2019-01-10,148.78,150.09,121.98,125.63,-18.427127278516284
2019-01-11,125.61,127.83,121.28,125.15,-0.3675589292848531
2019-01-12,125.15,126.15,122.73,123.75,-1.131313131313136
2019-01-13,123.75,124.09,112.79,114.64,-7.946615491974877
2019-01-14,114.65,130.3,114.62,127.53,10.099584411511014
2019-01-15,127.55,129.6,116.9,119.62,-6.629326199632161
2019-01-16,119.59,126.5,119.1,121.72,1.7499178442326613
2019-01-17,121.71,123.03,117.51,122.03,0.2622305990330307
2019-01-18,122.02,122.19,118.27,119.34,-2.245684598625769
2019-01-19,119.34,125.37,119.34,123.02,2.991383514875624
2019-01-20,123.0,123.52,116.25,117.52,-4.663036078965286
2019-01-21,117.52,118.04,114.15,116.05,-1.266695389918138
2019-01-22,116.05,119.47,112.36,118.23,1.8438636555865744
2019-01-23,118.23,119.01,115.52,116.84,-1.1896610749743244
2019-01-24,116.84,117.32,114.93,116.71,-0.11138719904036473
2019-01-25,116.7,117.41,115.03,115.5,-1.0389610389610413
2019-01-26,115.5,117.63,115.37,115.83,0.28490028490028346
2019-01-27,115.83,116.24,112.03,112.5,-2.959999999999998
2019-01-28,112.5,113.14,101.6,105.82,-6.31260631260632
2019-01-29,105.82,107.32,102.89,104.79,-0.9829182173871427
2019-01-30,104.76,109.67,103.82,108.52,3.4647991153704303
2019-01-31,108.51,110.56,105.86,106.71,-1.6868147315153328
2019-02-01,106.74,108.54,104.41,106.98,0.22434099831745102
2019-02-02,106.99,111.16,106.29,110.68,3.333935670401167
2019-02-03,110.67,111.25,106.36,107.62,-2.8340457164095865
2019-02-04,107.63,109.24,106.95,107.9,0.250231696014838
2019-02-05,107.91,108.32,106.6,107.37,-0.5029337803855751
2019-02-06,107.37,107.67,102.28,104.63,-2.6187517920290637
2019-02-07,104.63,106.12,104.29,104.55,-0.07651841224294434
2019-02-08,104.55,122.58,103.89,119.23,12.312337498951612
2019-02-09,119.27,121.09,117.96,119.44,0.14233087742799874
2019-02-10,119.44,125.46,116.42,124.92,4.386807556836379
2019-02-11,124.94,125.05,119.55,121.3,-3.0008244023083273
2019-02-12,121.32,123.99,119.28,122.64,1.076320939334644
2019-02-13,122.66,126.17,121.06,122.22,-0.36000654557355405
2019-02-14,122.21,124.46,120.44,120.97,-1.0250475324460568
2019-02-15,120.97,124.0,120.87,121.73,0.6243325392261604
2019-02-16,121.72,124.5,121.71,122.87,0.9359485635224266
2019-02-17,122.88,135.27,122.78,133.79,8.154570595709693
2019-02-18,133.79,147.64,125.07,145.8,8.237311385459547
2019-02-19,145.79,149.84,143.8,144.01,-1.2360252760224992
2019-02-20,144.02,149.46,140.88,149.11,3.4135872845550286
2019-02-21,149.01,149.55,143.5,145.78,-2.2156674440938326
2019-02-22,145.79,148.83,144.27,147.97,1.4732716091099594
2019-02-23,147.97,159.31,146.28,158.3,6.525584333543912
2019-02-24,158.31,165.79,132.87,132.93,-19.092755585646575
2019-02-25,132.94,141.57,132.85,138.27,3.8547768858031475
2019-02-26,138.26,138.66,134.48,136.67,-1.1633862588717374
2019-02-27,136.66,159.6,128.15,135.2,-1.0798816568047396
2019-02-28,135.2,138.56,133.09,135.47,0.19930611943604504
2019-03-01,135.47,138.06,128.46,135.72,0.18420277040966695
2019-03-02,135.72,136.36,130.74,132.76,-2.2295872250677977
2019-03-03,132.77,168.42,129.05,131.01,-1.343408900083978
2019-03-04,131.02,131.57,123.25,125.97,-4.008891005795039
2019-03-05,125.97,141.11,125.44,136.82,7.930127174389705
2019-03-06,136.82,149.49,133.94,137.62,0.5813108559802437
2019-03-07,137.62,139.98,135.72,136.93,-0.5039071058204905
2019-03-08,136.93,139.45,131.66,133.85,-2.301083302203969
2019-03-09,133.84,138.57,133.38,137.52,2.6759744037230995
2019-03-10,137.52,137.75,134.53,135.72,-1.3262599469496106
2019-03-11,135.72,136.23,131.66,132.99,-2.052785923753658
2019-03-12,132.99,134.93,129.14,133.8,0.6053811659192841
2019-03-13,133.81,133.84,131.2,131.97,-1.3942562703644794
2019-03-14,131.97,134.82,130.48,132.45,0.3624009060022573
2019-03-15,132.44,137.68,132.44,136.75,3.151736745886656
2019-03-16,136.77,143.95,136.75,141.15,3.103081827842717
2019-03-17,141.15,141.17,137.61,138.91,-1.6125548916564747
2019-03-18,138.91,141.87,136.86,137.92,-0.7178074245939742
2019-03-19,137.92,139.5,137.1,138.72,0.5767012687427994
2019-03-20,138.72,139.75,136.56,139.31,0.42351589979183357
2019-03-21,139.32,139.74,133.05,135.11,-3.1159795722004135
2019-03-22,135.11,137.44,134.65,136.42,0.9602697551678449
2019-03-23,136.42,138.3,135.76,137.53,0.8070966334618
2019-03-24,137.53,137.53,135.5,136.44,-0.7988859571973053
2019-03-25,136.44,137.05,132.36,134.25,-1.6312849162011156
2019-03-26,134.25,134.99,132.61,134.37,0.0893056485822762
2019-03-27,134.37,140.08,133.89,139.65,3.780880773361977
2019-03-28,139.63,140.33,137.68,138.15,-1.07129931234165
2019-03-29,138.17,143.53,138.13,143.38,3.6337006556005083
2019-03-30,143.38,145.85,140.43,142.65,-0.5117420259376023
2019-03-31,142.65,142.69,140.71,141.79,-0.6065307849636883
2019-04-01,141.77,143.28,140.26,141.5,-0.19081272084806375
2019-04-02,141.5,165.42,141.29,163.47,13.43977488224139
2019-04-03,163.47,177.29,152.24,160.34,-1.952101783709614
2019-04-04,160.34,164.33,153.26,157.43,-1.848440576764274
2019-04-05,157.43,167.34,156.42,164.93,4.547383738555751
2019-04-06,164.93,172.53,160.22,165.55,0.37450921171851675
2019-04-07,165.58,175.37,164.17,174.33,5.019216428612401
2019-04-08,174.32,185.54,171.87,179.16,2.7014958696137548
2019-04-09,179.16,179.24,172.15,175.09,-2.3245188188931367
2019-04-10,175.09,183.49,171.61,177.37,1.285448497491121
2019-04-11,177.39,177.63,159.6,164.36,-7.927719639815023
2019-04-12,164.37,166.08,158.93,163.47,-0.5505597357313303
2019-04-13,163.46,165.27,161.34,163.19,-0.16545131441878191
2019-04-14,163.19,168.18,161.52,167.29,2.4508338812839945
2019-04-15,167.3,168.63,153.65,160.17,-4.451520259724059
2019-04-16,160.16,166.64,159.52,165.65,3.314216722004231
2019-04-17,165.61,167.21,164.26,165.9,0.17480409885472697
2019-04-18,165.91,175.02,165.38,173.33,4.280851554837602
2019-04-19,173.34,173.41,169.15,172.79,-0.3183054574917596
2019-04-20,172.79,176.71,170.17,172.73,-0.034736293637470196
2019-04-21,172.89,173.42,164.81,168.52,-2.593164016140503
2019-04-22,168.5,172.32,167.07,170.87,1.3870193714519836
2019-04-23,170.87,175.92,169.01,169.95,-0.5413356869667644
2019-04-24,169.94,170.53,154.87,165.22,-2.856796997942137
2019-04-25,165.23,165.81,151.73,155.18,-6.4763500451088944
2019-04-26,155.16,161.82,152.32,157.97,1.778818763056278
2019-04-27,157.96,161.95,156.74,159.41,0.909604165359757
2019-04-28,159.43,160.28,157.54,158.27,-0.732924748846905
2019-04-29,158.3,159.16,152.6,154.93,-2.1751758858839505
2019-04-30,154.94,162.56,154.94,161.8,4.239802224969106
2019-05-01,161.84,163.7,158.85,160.38,-0.9103379473749893
2019-05-02,160.35,162.88,159.22,161.66,0.8103426945441062
2019-05-03,161.66,169.8,160.86,167.86,3.6935541522697584
2019-05-04,167.87,171.04,160.36,163.68,-2.559872922776147
2019-05-05,163.67,165.25,159.56,163.03,-0.39256578543825454
2019-05-06,163.03,176.98,159.66,173.0,5.76300578034682
2019-05-07,172.99,181.39,169.06,169.34,-2.1554269516948183
2019-05-08,169.34,172.68,165.7,170.77,0.8373836153891238
2019-05-09,170.76,173.28,167.03,170.84,0.04682744088036321
2019-05-10,170.85,175.78,168.86,172.77,1.111304045841301
2019-05-11,172.78,204.72,172.75,192.27,10.136786810214806
2019-05-12,192.17,202.93,182.81,188.07,-2.1800393470516264
2019-05-13,188.09,206.1,185.69,196.02,4.045505560657079
2019-05-14,196.0,220.02,195.22,217.42,9.851899549259493
2019-05-15,217.34,249.78,217.32,248.15,12.415877493451543
2019-05-16,248.14,278.52,244.27,264.69,6.25259737806491
2019-05-17,264.68,267.8,224.62,244.45,-8.275721006340772
2019-05-18,244.38,247.84,232.13,233.89,-4.485014322972342
2019-05-19,233.87,263.05,232.85,259.63,9.921811809112965
2019-05-20,259.68,259.68,238.64,250.72,-3.573707721761331
2019-05-21,250.72,261.59,246.85,253.76,1.197982345523326
2019-05-22,253.7,259.7,241.68,244.34,-3.830727674551848
2019-05-23,244.35,247.3,231.89,244.68,0.1348700343305593
2019-05-24,244.68,254.22,241.74,249.17,1.801982582172806
2019-05-25,249.2,256.9,247.9,250.68,0.5903941279719236
2019-05-26,250.69,268.75,245.92,264.68,5.2856279280640805
2019-05-27,264.66,279.07,262.96,270.98,2.332275444682262
2019-05-28,270.97,275.39,265.5,271.18,0.07743933918429807
2019-05-29,271.16,273.72,260.85,268.61,-0.94933174490898
2019-05-30,268.62,287.99,241.51,254.52,-5.539839698255538
2019-05-31,254.57,268.7,246.61,267.99,5.007649539161915
2019-06-01,267.94,274.94,261.14,264.31,-1.373387310355263
2019-06-02,264.26,272.64,263.59,269.01,1.765733615850712
2019-06-03,269.03,269.77,248.77,250.37,-7.45296960498461
2019-06-04,250.26,251.47,235.35,241.26,-3.730415319572246
2019-06-05,241.27,248.24,237.94,245.83,1.854940405971607
2019-06-06,245.81,250.0,236.4,248.54,1.098414742093824
2019-06-07,248.63,253.12,244.33,248.98,0.14057354004337472
2019-06-08,248.98,250.51,241.09,243.42,-2.284117985375073
2019-06-09,243.43,244.36,227.0,231.27,-5.257923639036622
2019-06-10,231.21,246.99,227.38,246.86,6.339625698776636
2019-06-11,246.85,247.77,237.6,244.41,-0.9983224908964435
2019-06-12,244.38,261.67,242.57,261.54,6.561137875659565
2019-06-13,261.38,262.47,254.02,254.86,-2.5582672839990512
2019-06-14,254.89,268.81,252.01,262.53,2.9101436026358845
2019-06-15,262.53,271.61,260.92,267.75,1.9495798319327833
2019-06-16,267.74,282.75,263.96,267.98,0.08955892230763829
2019-06-17,268.0,274.14,266.96,273.0,1.8315018315018317
2019-06-18,273.02,273.26,261.76,264.59,-3.1860614535696765
2019-06-19,264.59,269.79,263.61,268.26,1.368075747409236
2019-06-20,268.26,273.18,264.83,271.43,1.1678885900600582
2019-06-21,271.45,295.72,271.45,294.72,7.895629750271456
2019-06-22,294.69,314.0,292.09,310.38,5.055093756040981
2019-06-23,310.39,320.79,306.12,308.53,-0.6028587171425838
2019-06-24,308.51,313.67,297.9,311.46,0.9471521222628874
2019-06-25,311.47,318.49,307.75,317.65,1.945537541319046
2019-06-26,317.65,364.89,315.99,338.54,6.170614993796905
2019-06-27,338.54,345.83,279.82,297.55,-13.775835993950599
2019-06-28,297.73,312.7,295.3,310.56,4.131246780010299
2019-06-29,310.52,324.13,295.44,318.48,2.4993720170811464
2019-06-30,318.26,323.21,290.78,292.21,-8.914821532459536
2019-07-01,292.23,303.0,280.35,294.83,0.8818641250890229
2019-07-02,294.87,297.0,273.07,291.41,-1.1873305651830681
2019-07-03,291.48,301.64,289.39,300.58,3.0274802049371106
2019-07-04,300.51,301.56,281.18,283.43,-6.02617930353173
2019-07-05,283.36,293.61,281.92,287.15,1.3198676649834455
2019-07-06,287.16,296.06,285.61,288.08,0.3193557345181752
2019-07-07,288.11,309.42,285.28,304.88,5.500524796641296
2019-07-08,304.87,313.15,301.6,312.23,2.3572366524677366
2019-07-09,312.23,317.94,303.38,307.41,-1.567938583650497
2019-07-10,307.44,313.81,281.53,289.1,-6.343825665859555
2019-07-11,289.13,289.14,263.08,268.72,-7.59526644834771
2019-07-12,268.72,278.33,266.81,274.68,2.169797582641612
2019-07-13,274.68,275.04,262.85,269.16,-2.050824788230042
2019-07-14,269.12,269.62,223.95,226.62,-18.753861089047742
2019-07-15,226.56,235.43,204.39,228.49,0.8446759157950049
2019-07-16,228.49,234.41,193.48,198.87,-14.8941519585659
2019-07-17,198.88,219.13,192.91,210.95,5.721735008295801
2019-07-18,210.95,228.42,206.47,225.23,6.340185588065533
2019-07-19,225.23,225.68,213.57,220.09,-2.335408242082778
2019-07-20,220.11,233.7,219.8,227.86,3.401211270078118
2019-07-21,227.83,228.76,217.72,225.01,-1.2532776321052495
2019-07-22,225.03,227.47,212.46,217.27,-3.5715929488654625
2019-07-23,217.27,218.03,208.31,211.87,-2.5487327134563675
2019-07-24,211.86,217.02,202.3,215.44,1.6617155588562866
2019-07-25,215.45,224.05,214.79,217.65,1.010797151389854
2019-07-26,217.65,218.65,212.07,217.83,0.08263324610935446
2019-07-27,217.8,222.7,203.5,206.62,-5.410899235311203
2019-07-28,206.64,212.01,199.68,210.37,1.7730665018776528
2019-07-29,210.39,214.45,207.37,209.82,-0.2716614240777777
2019-07-30,209.81,212.88,204.54,208.49,-0.6331238908340895
2019-07-31,208.49,218.19,208.17,217.23,4.023385351931124
2019-08-01,217.23,217.55,211.23,216.37,-0.3974673013818853
2019-08-02,216.37,220.84,213.93,216.54,0.07850743511590814
2019-08-03,216.52,223.0,215.52,220.89,1.9783602698175455
2019-08-04,220.89,222.21,216.31,220.72,-0.07702065965929118
2019-08-05,220.76,235.0,220.75,232.45,5.029038502903849
2019-08-06,232.45,237.47,222.46,225.63,-3.022647697557946
2019-08-07,225.62,229.22,220.62,224.66,-0.4273123831567738
2019-08-08,224.68,226.11,215.57,220.16,-2.0530523255814
2019-08-09,220.12,220.49,206.4,209.49,-5.074227886772635
2019-08-10,209.46,213.53,202.35,205.93,-1.7141747195649013
2019-08-11,205.92,216.23,205.64,215.83,4.5915767038873305
2019-08-12,215.84,215.97,209.49,210.45,-2.56117842717986
2019-08-13,210.48,211.01,106.01,207.68,-1.3482280431432891
2019-08-14,207.68,209.43,183.74,186.56,-11.320754716981133
2019-08-15,186.59,189.3,176.08,187.8,0.6443024494142747
2019-08-16,187.67,188.03,179.35,184.55,-1.6905987537252647
2019-08-17,184.55,186.12,181.58,184.81,0.1406850278664525
2019-08-18,184.83,197.17,182.96,193.68,4.569392812887234
2019-08-19,193.67,202.81,192.33,201.64,3.9525887720690336
2019-08-20,201.65,201.96,194.55,196.14,-2.8092179055776585
2019-08-21,196.15,196.78,181.29,187.24,-4.75859859004486
2019-08-22,187.27,194.42,182.97,190.29,1.5870513426874673
2019-08-23,190.29,195.32,175.8,193.43,1.6233262679005402
2019-08-24,193.42,193.47,186.13,190.15,-1.7196949776492148
2019-08-25,190.16,191.49,182.81,186.3,-2.0719269994632232
2019-08-26,186.32,193.09,186.02,188.34,1.0725284060741267
2019-08-27,188.36,188.61,184.26,186.58,-0.9540143638117704
2019-08-28,186.6,187.13,167.57,172.85,-7.954874168354065
2019-08-29,172.85,173.05,164.04,168.66,-2.484287916518438
2019-08-30,168.68,170.27,165.38,168.16,-0.30922930542341237
2019-08-31,168.14,174.43,166.16,171.62,2.027735695140437
2019-09-01,171.62,173.22,167.08,169.72,-1.1194909262314434
2019-09-02,169.72,180.56,169.45,178.11,4.710572118353834
2019-09-03,178.1,182.59,175.37,178.81,0.3970695151277937
2019-09-04,178.82,180.06,173.85,174.79,-2.305623891526976
2019-09-05,174.8,175.56,170.54,173.83,-0.5580164528562381
2019-09-06,173.82,177.79,166.16,169.15,-2.760863139225532
2019-09-07,169.14,180.63,168.42,177.74,4.838528187239801
2019-09-08,177.76,183.42,177.36,181.44,2.028218694885365
2019-09-09,181.45,184.76,176.25,180.65,-0.4428452809299656
2019-09-10,180.64,184.16,177.44,180.05,-0.32768675367951955
2019-09-11,180.05,182.27,174.86,178.47,-0.8853028520199544
2019-09-12,178.48,182.37,176.85,180.87,1.3213910543484353
2019-09-13,180.87,181.53,177.79,181.11,0.13251615040583573
2019-09-14,181.06,188.54,180.09,188.16,3.7733843537414935
2019-09-15,188.17,190.23,185.92,189.1,0.4918032786885282
2019-09-16,189.1,198.82,188.68,197.32,4.165822015001013
2019-09-17,197.33,214.45,195.95,207.77,5.024787024113201
2019-09-18,207.8,216.89,207.69,210.43,1.2498217934705105
2019-09-19,210.44,223.35,202.95,220.21,4.436674083829076
2019-09-20,220.22,221.27,213.12,218.0,-1.0183486238532105
2019-09-21,218.01,221.17,213.71,215.22,-1.2963479230554744
2019-09-22,215.23,215.64,206.71,211.13,-1.9419315113910836
2019-09-23,211.16,211.76,199.82,201.18,-4.960731683069882
2019-09-24,201.22,202.97,164.78,166.29,-21.00547236755067
2019-09-25,166.29,174.26,162.12,168.92,1.55695003551977
2019-09-26,168.93,169.81,153.17,164.56,-2.6555663587749176
2019-09-27,164.58,175.65,161.32,173.19,4.971418673133544
2019-09-28,173.19,175.15,168.56,173.62,0.24766731943324893
2019-09-29,173.62,174.43,164.97,169.29,-2.55774115423239
2019-09-30,169.28,180.52,165.59,180.35,6.138064873856386
2019-10-01,180.36,184.95,174.03,175.78,-2.6055296393218867
2019-10-02,175.78,180.84,173.97,180.27,2.4907083818716416
2019-10-03,180.26,180.57,170.65,174.54,-3.277185745387876
2019-10-04,174.58,178.43,171.33,175.65,0.6091659550241919
2019-10-05,175.65,176.63,172.39,176.43,0.4421016833871797
2019-10-06,176.44,176.87,168.74,170.55,-3.4535326883611757
2019-10-07,170.52,182.03,169.13,179.87,5.19819869906043
2019-10-08,179.81,184.57,177.74,180.78,0.5365637791791121
2019-10-09,180.74,195.08,179.39,192.64,6.177325581395338
2019-10-10,192.65,194.08,187.33,191.1,-0.8110936682365313
2019-10-11,191.11,195.87,179.76,180.6,-5.819490586932458
2019-10-12,180.6,184.49,178.78,179.87,-0.4058486684827874
2019-10-13,179.86,184.42,178.89,181.11,0.6901882833637016
2019-10-14,181.07,186.99,180.65,186.63,2.979156620050368
2019-10-15,186.64,187.67,178.26,180.59,-3.350130129021531
2019-10-16,180.57,181.08,172.49,174.53,-3.4607230848564674
2019-10-17,174.52,178.33,172.12,177.31,1.5735153121651297
2019-10-18,177.31,177.47,169.28,172.81,-2.604015971297957
2019-10-19,172.79,174.81,170.38,171.91,-0.5118957594089905
2019-10-20,171.93,176.17,169.56,175.14,1.8328194587187276
2019-10-21,175.14,177.67,171.91,174.18,-0.5511539786427716
2019-10-22,174.17,175.08,170.82,171.42,-1.6042468790106172
2019-10-23,171.44,171.61,154.42,162.28,-5.64456494947005
2019-10-24,162.26,163.68,159.4,160.73,-0.9519069246562565
2019-10-25,160.73,186.24,160.41,181.49,11.43864675739711
2019-10-26,181.5,192.54,174.35,179.62,-1.046654047433468
2019-10-27,179.61,188.33,176.47,184.05,2.4123879380603084
2019-10-28,184.06,188.91,180.7,181.67,-1.315572191335947
2019-10-29,181.67,192.28,181.67,190.45,4.610133893410344
2019-10-30,190.44,191.58,180.58,183.25,-3.923601637107775
2019-10-31,183.25,185.21,178.24,182.37,-0.4825355047431022
2019-11-01,182.38,184.28,178.69,183.12,0.40410659676715216
2019-11-02,183.12,185.18,181.94,183.01,-0.06010600513633881
2019-11-03,183.01,184.51,179.46,181.7,-0.7209686296092473
2019-11-04,181.72,188.27,180.69,185.85,2.2222222222222197
2019-11-05,185.86,191.45,183.12,188.67,1.489372979275971
2019-11-06,188.66,194.11,188.13,191.28,1.3697197825177774
2019-11-07,191.28,192.27,185.48,186.94,-2.321600513533756
2019-11-08,186.95,188.35,181.83,184.03,-1.5866978210074374
2019-11-09,184.02,185.73,182.86,184.96,0.5082179930795836
2019-11-10,184.96,191.28,183.55,188.99,2.132387957034764
2019-11-11,188.98,190.17,184.32,185.09,-2.1016802636555116
2019-11-12,185.09,187.44,183.24,186.99,1.016097117492917
2019-11-13,187.0,189.45,185.7,188.36,0.7220216606498268
2019-11-14,188.36,188.91,183.96,185.25,-1.678812415654528
2019-11-15,185.24,186.1,178.29,180.19,-2.802597258449421
2019-11-16,180.19,183.46,179.53,182.42,1.2224536783247395
2019-11-17,182.39,185.97,180.49,184.18,0.9718753393419592
2019-11-18,184.19,184.33,176.08,178.5,-3.18767507002801
2019-11-19,178.49,178.7,173.48,176.09,-1.3629394059855788
2019-11-20,176.09,177.42,173.99,174.96,-0.6458619112940075
2019-11-21,174.96,175.91,158.55,161.46,-8.361204013377927
2019-11-22,161.46,163.06,139.13,149.8,-7.783711615487314
2019-11-23,149.79,154.25,146.6,152.46,1.751279024006307
2019-11-24,152.46,153.24,139.79,140.66,-8.389023176453868
2019-11-25,140.58,151.26,131.78,145.9,3.646333104866342
2019-11-26,145.88,149.81,144.04,147.61,1.17200731657748
2019-11-27,147.6,155.43,141.91,152.7,3.339882121807462
2019-11-28,152.71,154.68,149.71,151.07,-1.0855894618388924
2019-11-29,151.07,157.27,150.64,154.55,2.251698479456498
2019-11-30,154.57,155.19,150.45,151.95,-1.7242513984863472
2019-12-01,151.93,152.33,146.26,151.04,-0.589247881355942
2019-12-02,151.06,151.63,147.49,148.89,-1.4574518100611298
2019-12-03,148.89,149.84,146.56,147.82,-0.7238533351373245
2019-12-04,147.81,151.02,143.95,145.79,-1.3855545647849716
2019-12-05,145.79,149.08,144.64,148.69,1.9503665344004342
2019-12-06,148.7,149.36,147.01,148.89,0.12761098797770012
2019-12-07,148.88,149.76,147.54,148.28,-0.40463987051523764
2019-12-08,148.25,152.22,147.09,151.17,1.9316001852219273
2019-12-09,151.17,151.75,147.02,147.88,-2.22477684609142
2019-12-10,147.88,148.48,144.49,145.86,-1.3848896201837253
2019-12-11,145.88,146.57,142.53,143.51,-1.6514528604278482
2019-12-12,143.51,145.82,140.0,145.03,1.0480590222712611
2019-12-13,145.04,145.43,143.51,144.96,-0.05518763796908394
2019-12-14,144.95,145.17,141.4,142.03,-2.055903682320628
2019-12-15,142.03,143.87,140.3,142.53,0.3508033396477934
2019-12-16,142.55,142.75,131.0,132.78,-7.358035848772413
2019-12-17,132.78,132.96,120.63,122.06,-8.782565951171554
2019-12-18,122.06,133.93,117.14,132.92,8.170328016852231
2019-12-19,132.93,133.9,126.12,128.42,-3.5119140320822457
2019-12-20,128.42,129.66,126.31,128.7,0.21756021756021848
2019-12-21,128.69,128.79,126.85,127.61,-0.8463286576287112
2019-12-22,127.61,133.04,127.09,132.19,3.4647098872834543
2019-12-23,132.2,134.92,126.55,128.08,-3.2167395377888632
2019-12-24,128.07,129.77,127.07,128.05,-0.015618898867615624
2019-12-25,128.05,128.17,124.18,125.24,-2.2436921111466117
2019-12-26,125.24,132.12,124.53,125.93,0.5479234495354657
2019-12-27,125.92,127.04,123.18,126.41,0.3876275611106676
2019-12-28,126.4,129.73,125.98,128.35,1.519283209972722
2019-12-29,128.35,137.74,127.67,134.4,4.501488095238104
2019-12-30,134.4,136.16,130.91,131.83,-1.9494803914131782
2019-12-31,131.87,133.53,128.27,129.21,-2.0586641900781646
2020-01-01,129.21,132.97,128.81,130.75,1.1778202676864185
2020-01-02,130.75,130.77,126.74,127.19,-2.798962182561524
2020-01-03,127.19,134.86,126.05,134.27,5.272957473746937
2020-01-04,134.3,135.57,132.76,134.33,0.02233306037370739
2020-01-05,134.32,138.33,134.32,135.59,0.9366472453720851
2020-01-06,135.59,144.27,135.17,144.08,5.892559689061638
2020-01-07,144.09,145.13,139.22,143.04,-0.7340604026845717
2020-01-08,143.01,147.55,137.61,140.81,-1.5623890348696745
2020-01-09,140.8,141.6,135.85,137.92,-2.0881670533642867
2020-01-10,137.93,144.86,135.69,144.81,4.751053104067395
2020-01-11,144.81,147.68,142.23,142.67,-1.4999649540898683
2020-01-12,142.65,146.46,142.0,146.46,2.6013928717738644
2020-01-13,146.5,146.87,142.64,143.6,-2.019498607242344
2020-01-14,143.59,169.73,143.59,166.07,13.536460528692714
2020-01-15,166.07,166.45,159.74,166.45,0.22829678582156535
2020-01-16,166.44,167.18,159.08,164.36,-1.265514723777065
2020-01-17,164.39,173.96,162.33,170.22,3.4249794383738763
2020-01-18,170.18,179.29,165.34,174.19,2.302083931339337
2020-01-19,174.17,177.77,162.04,166.92,-4.34339803498682
2020-01-20,166.92,169.24,161.61,166.87,-0.02996344459758072
2020-01-21,166.87,169.79,165.53,169.41,1.4993211734844414
2020-01-22,169.41,171.27,166.19,168.13,-0.7613156486052467
2020-01-23,168.15,168.25,159.78,162.8,-3.286240786240782
2020-01-24,162.8,164.27,155.65,162.55,-0.1537988311288834
2020-01-25,162.56,162.72,157.87,160.44,-1.3213662428322142
2020-01-26,160.4,168.0,159.55,167.9,4.466944609886838
2020-01-27,167.91,171.97,165.45,170.27,1.3860339460856366
2020-01-28,170.27,176.06,170.27,175.74,3.1125526345738015
2020-01-29,175.78,178.41,173.76,173.86,-1.1043368227309256
2020-01-30,173.86,186.76,171.2,184.59,5.812882604691473
2020-01-31,184.6,185.67,175.46,179.91,-2.606858985048078
2020-02-01,179.88,184.17,179.36,183.64,2.0474842082334956
2020-02-02,183.58,193.25,179.49,188.5,2.6100795755968105
2020-02-03,188.48,194.92,187.16,189.79,0.690236577269615
2020-02-04,189.8,191.48,188.93,188.93,-0.4604880114328082
2020-02-05,188.94,207.51,188.26,203.83,7.305107197174123
2020-02-06,203.84,216.14,201.29,213.16,4.3723024957778165
2020-02-07,213.15,224.53,213.14,223.51,4.635139367366107
2020-02-08,223.47,227.55,213.75,223.23,-0.1075124311248529
2020-02-09,223.23,230.38,223.07,228.59,2.3448094842294123
2020-02-10,228.61,229.28,217.02,222.95,-2.538685803991938
2020-02-11,222.94,238.61,218.22,236.76,5.837134651123498
2020-02-12,236.75,274.89,236.73,265.58,10.855486105881463
2020-02-13,265.59,277.39,257.09,268.75,1.1758139534883814
2020-02-14,268.71,286.34,260.78,285.25,5.798422436459254
2020-02-15,285.17,287.93,262.45,264.87,-7.6641371238720915
2020-02-16,264.87,273.81,237.89,259.99,-1.8769952690488076
2020-02-17,259.92,268.45,242.11,267.63,2.8808429548256846
2020-02-18,267.71,285.59,259.3,282.26,5.154821795507692
2020-02-19,282.33,285.75,253.88,259.12,-8.957239888854577
2020-02-20,259.07,264.22,246.46,257.39,-0.6527060103345145
2020-02-21,257.32,267.8,254.15,265.11,2.938402927086877
2020-02-22,265.14,266.71,256.97,261.64,-1.3377159455740715
2020-02-23,261.65,275.3,261.24,274.72,4.757571345369849
2020-02-24,274.72,276.81,258.15,265.65,-3.4142668925277815
2020-02-25,265.63,266.17,245.75,246.96,-7.559928733398117
2020-02-26,246.97,250.05,216.39,224.3,-10.106999554168517
2020-02-27,224.3,238.07,210.36,227.53,1.4195930207005625
2020-02-28,227.6,234.55,214.47,226.93,-0.2952452298065428
2020-02-29,226.94,232.87,217.43,217.52,-4.330636263332101
2020-03-01,217.51,227.44,213.0,217.99,0.22019358686179097
2020-03-02,217.96,234.24,216.23,231.87,5.999051192478542
2020-03-03,231.9,232.37,220.34,223.94,-3.554523533089224
2020-03-04,223.94,228.66,220.74,224.38,0.19609590872626692
2020-03-05,224.36,233.96,224.34,228.45,1.7903261107463233
2020-03-06,228.46,244.98,227.71,244.9,6.7129440587995095
2020-03-07,244.87,251.55,236.87,237.32,-3.181358503286706
2020-03-08,237.3,237.3,196.71,199.16,-19.1504318136172
2020-03-09,199.21,208.23,190.73,202.85,1.7944293813162366
2020-03-10,202.88,205.62,196.17,200.56,-1.1567610690067776
2020-03-11,200.61,202.96,182.15,194.58,-3.0989824236817767
2020-03-12,194.57,195.4,102.83,107.9,-80.32437442075995
2020-03-13,107.87,138.86,88.5,133.99,19.493992088961864
2020-03-14,134.02,134.58,121.27,122.69,-9.234656451218529
2020-03-15,122.67,132.13,120.93,124.35,1.3510253317249639
2020-03-16,124.35,124.38,102.44,111.02,-12.006845613402989
2020-03-17,111.06,120.6,109.67,116.06,4.30811649146993
2020-03-18,115.95,117.91,110.16,117.77,1.545385072599128
2020-03-19,117.76,141.05,115.59,135.43,13.04733072435945
2020-03-20,135.43,151.85,118.07,133.32,-1.582658265826593
2020-03-21,133.32,137.33,126.01,132.58,-0.5581535676572489
2020-03-22,132.59,136.86,121.37,122.41,-8.316314026631817
2020-03-23,122.46,136.93,120.2,136.02,9.969122187913554
2020-03-24,136.0,142.9,132.67,138.62,1.89005915452316
2020-03-25,138.59,141.88,133.06,136.07,-1.8519879473800325
2020-03-26,136.08,139.22,133.69,138.38,1.6620898973840028
2020-03-27,138.38,140.99,131.09,131.74,-5.040230757552744
2020-03-28,131.74,132.68,125.48,131.03,-0.5418606426009371
2020-03-29,131.02,131.74,124.84,125.24,-4.615138933248176
2020-03-30,125.24,134.72,125.02,132.15,5.228906545592138
2020-03-31,132.15,135.14,130.54,132.86,0.5343971097395814
2020-04-01,132.88,136.56,128.93,135.66,2.0492407489311524
2020-04-02,135.65,148.91,135.26,141.3,3.9985845718329833
2020-04-03,141.29,146.46,138.01,141.14,-0.10627745500921475
2020-04-04,141.13,145.71,139.36,144.01,1.9998611207555
2020-04-05,144.03,145.26,140.84,142.58,-1.0169729274793018
2020-04-06,142.58,171.24,142.55,171.06,16.649128960598613
2020-04-07,171.07,175.78,162.75,164.71,-3.8613320381276095
2020-04-08,164.71,174.23,163.73,173.0,4.7919075144508625
2020-04-09,173.01,173.2,165.91,169.68,-1.9625176803394528
2020-04-10,169.67,170.1,152.52,157.86,-7.481312555428844
2020-04-11,157.85,161.37,154.01,158.18,0.2086230876217047
2020-04-12,158.18,164.75,155.17,158.73,0.3465003465003358
2020-04-13,158.76,158.85,150.6,156.38,-1.521933751119066
2020-04-14,156.36,161.57,155.52,158.45,1.319028084569249
2020-04-15,158.43,161.06,152.44,152.9,-3.6167429692609554
2020-04-16,152.9,174.28,148.91,172.31,11.264581277929311
2020-04-17,172.32,174.52,168.55,170.63,-0.9904471663834014
2020-04-18,170.63,189.22,170.61,187.45,8.97305948252867
2020-04-19,187.47,188.23,177.24,180.13,-4.07483484150336
2020-04-20,180.12,186.24,167.51,170.4,-5.704225352112675
2020-04-21,170.37,174.48,168.31,170.79,0.2459160372387069
2020-04-22,170.79,183.71,169.93,182.72,6.529115586690021
2020-04-23,182.72,192.4,178.54,185.46,1.4774075272295961
2020-04-24,185.48,189.33,185.19,187.58,1.1195223371361673
2020-04-25,187.57,197.35,186.03,194.01,3.3194165249213947
2020-04-26,194.01,199.3,192.52,197.35,1.6924246262984561
2020-04-27,197.35,198.8,190.87,196.14,-0.6169062914244968
2020-04-28,196.13,197.51,192.47,196.55,0.21368608496566566
2020-04-29,196.55,218.32,196.45,215.4,8.75116063138347
2020-04-30,215.42,227.05,202.59,206.22,-4.461254970419935
2020-05-01,206.23,216.99,206.06,212.0,2.7216981132075517
2020-05-02,212.0,215.15,210.51,213.96,0.916059076462894
2020-05-03,213.96,218.74,205.5,209.83,-1.9682600200162013
2020-05-04,209.85,210.63,195.25,206.61,-1.568171918106568
2020-05-05,206.59,211.33,201.75,205.36,-0.598948188546937
2020-05-06,205.36,210.62,198.79,199.04,-3.1752411575562816
2020-05-07,199.05,214.0,197.36,212.0,6.10849056603773
2020-05-08,212.0,216.44,207.25,211.45,-0.260108772759523
2020-05-09,211.47,214.5,208.83,210.22,-0.5946151650651699
2020-05-10,210.19,210.19,180.7,187.78,-11.934178293748001
2020-05-11,187.77,193.26,177.43,185.96,-0.9733275973327609
2020-05-12,185.82,192.04,185.68,189.84,2.117572692793937
2020-05-13,189.82,200.82,188.59,199.58,4.890269566088796
2020-05-14,199.58,205.82,196.21,203.3,1.8298081652729952
2020-05-15,203.29,204.02,192.61,194.85,-4.331537079804977
2020-05-16,194.85,203.12,193.48,200.51,2.8228018552690624
2020-05-17,200.51,209.79,199.77,207.0,3.135265700483096
2020-05-18,207.0,217.0,207.0,214.87,3.6626797598547975
2020-05-19,214.88,215.75,209.79,214.51,-0.17248613118269757
2020-05-20,214.52,215.28,207.03,209.99,-2.1572455831230064
2020-05-21,210.0,211.58,192.11,198.75,-5.660377358490567
2020-05-22,198.75,209.04,196.68,207.35,4.147576561369662
2020-05-23,207.35,211.03,204.97,206.62,-0.3533055851321216
2020-05-24,206.65,210.4,199.97,199.97,-3.340501075161278
2020-05-25,199.99,205.52,198.57,204.13,2.0281193357174283
2020-05-26,204.13,204.9,197.3,201.0,-1.5572139303482564
2020-05-27,200.99,208.18,200.85,208.18,3.4537419540782004
2020-05-28,208.2,220.33,204.79,220.18,5.441002815877926
2020-05-29,220.14,224.52,217.84,220.66,0.23565666636454738
2020-05-30,220.66,246.55,218.86,243.63,9.428231334400525
2020-05-31,243.63,245.33,230.31,231.81,-5.0990034942409705
2020-06-01,231.8,249.81,230.85,247.97,6.520950114933253
2020-06-02,248.01,253.21,227.95,237.94,-4.232159367907872
2020-06-03,237.9,244.76,233.84,244.52,2.707345002453789
2020-06-04,244.53,246.41,236.68,243.37,-0.4766405062250879
2020-06-05,243.37,247.5,239.7,240.23,-1.307080714315454
2020-06-06,240.27,244.43,238.38,242.0,0.7148760330578471
2020-06-07,242.0,244.94,235.44,244.56,1.0467778868171418
2020-06-08,244.56,247.11,241.3,246.18,0.6580550816475768
2020-06-09,246.19,249.45,240.18,243.82,-0.9720285456484311
2020-06-10,243.82,249.51,242.54,247.78,1.598191944466869
2020-06-11,247.79,249.77,227.01,230.71,-7.403233496597453
2020-06-12,230.72,239.23,228.62,237.54,2.8710953944598776
2020-06-13,237.55,238.61,234.86,238.22,0.28125262362521514
2020-06-14,238.23,238.48,230.52,232.02,-2.6764934057408754
2020-06-15,231.99,233.34,219.06,230.93,-0.4590135538907904
2020-06-16,230.92,235.95,228.99,235.36,1.8864717878993993
2020-06-17,235.37,236.55,228.63,233.88,-0.6370788438515517
2020-06-18,233.85,234.69,228.13,231.34,-1.0849831416962008
2020-06-19,231.34,231.94,226.97,229.11,-0.9733315874470733
2020-06-20,229.11,230.96,226.28,228.86,-0.10923708817617757
2020-06-21,228.87,231.18,227.38,228.13,-0.3243764520229733
2020-06-22,228.11,246.39,227.69,243.25,6.224049331962996
2020-06-23,243.24,244.77,240.94,243.2,-0.016447368421061048
2020-06-24,243.2,249.23,231.56,234.75,-3.5995740149094733
2020-06-25,234.75,235.29,227.99,232.56,-0.9416924664602674
2020-06-26,232.57,233.5,228.16,229.67,-1.2626812382984307
2020-06-27,229.72,231.3,217.11,221.06,-3.9174884646702233
2020-06-28,221.07,227.74,218.46,225.09,1.7859522857523704
2020-06-29,225.09,229.83,221.6,227.87,1.2199938561460486
2020-06-30,227.88,228.57,223.23,225.63,-0.9972078181092939
2020-07-01,225.61,232.47,224.33,230.95,2.3121887854513856
2020-07-02,230.96,232.04,223.53,226.42,-2.0051232223301922
2020-07-03,226.42,228.14,224.77,225.12,-0.5774697938876967
2020-07-04,225.09,230.4,224.8,229.15,1.7717652192886766
2020-07-05,229.09,229.8,223.79,227.98,-0.48688481445741455
2020-07-06,227.95,241.64,227.1,241.56,5.63421096207982
2020-07-07,241.56,243.43,234.92,239.25,-0.9655172413793113
2020-07-08,239.26,248.76,238.0,246.99,3.129681363617968
2020-07-09,246.93,247.63,238.28,242.02,-2.028757953888107
2020-07-10,242.01,242.17,236.19,241.26,-0.31086794329768713
2020-07-11,241.21,241.64,237.76,239.2,-0.8403010033444896
2020-07-12,239.2,243.79,236.91,242.75,1.4624098867147317
2020-07-13,242.84,245.04,237.71,239.73,-1.2972927877195235
2020-07-14,239.75,242.08,237.21,240.5,0.31185031185031187
2020-07-15,240.49,241.36,237.04,238.62,-0.7836727851814619
2020-07-16,238.62,239.47,230.44,233.65,-2.127113203509522
2020-07-17,233.65,234.53,231.84,232.75,-0.38668098818475
2020-07-18,232.77,236.83,232.4,235.75,1.2640509013785746
2020-07-19,235.72,239.7,233.35,239.01,1.376511443035853
2020-07-20,239.03,239.71,234.51,236.1,-1.2409995764506594
2020-07-21,236.1,246.49,235.67,245.53,3.8406712010752275
2020-07-22,245.54,266.42,241.89,263.28,6.738073533880273
2020-07-23,263.29,279.53,260.7,275.34,4.376407350911584
2020-07-24,275.33,287.01,268.54,279.33,1.4319979952028068
2020-07-25,279.33,308.57,279.33,305.32,8.512380453294908
2020-07-26,305.32,318.54,300.33,311.13,1.8673866229550355
2020-07-27,311.12,332.57,311.04,321.8,3.318831572405222
2020-07-28,321.82,326.53,306.4,316.96,-1.5333165068147443
2020-07-29,316.95,324.93,312.64,317.82,0.27373985274683926
2020-07-30,317.79,341.11,314.83,334.87,5.1004867560545835
2020-07-31,334.84,349.34,329.02,346.51,3.367868171192755
2020-08-01,346.48,392.37,343.33,387.14,10.502660536240112
2020-08-02,387.15,415.08,335.76,372.08,-4.050204257148998
2020-08-03,372.26,397.73,368.46,385.8,3.509590461378958
2020-08-04,385.86,402.01,381.3,389.62,0.9650428622760615
2020-08-05,389.62,406.92,384.84,400.79,2.786995683525042
2020-08-06,400.8,403.18,391.67,394.83,-1.5120431578147626
2020-08-07,394.8,398.14,366.44,379.57,-4.0124351239560605
2020-08-08,379.57,396.77,376.38,396.76,4.332594011493093
2020-08-09,396.78,399.93,384.31,390.23,-1.6784972964661748
2020-08-10,390.22,399.05,386.45,395.53,1.3425024650468853
2020-08-11,395.52,398.13,367.38,379.01,-4.356085591409195
2020-08-12,379.03,389.21,367.05,387.12,2.0897912791899236
2020-08-13,387.15,430.33,377.57,424.31,8.757747873017376
2020-08-14,424.28,443.74,418.37,438.03,3.1390544026664844
2020-08-15,438.04,442.7,428.75,432.18,-1.3559165162663736
2020-08-16,432.22,436.58,413.22,433.63,0.32516200447385285
2020-08-17,433.62,444.86,420.71,430.56,-0.7107023411371243
2020-08-18,430.63,433.65,415.45,422.16,-2.0063483039605767
2020-08-19,422.1,426.65,394.51,407.44,-3.5980757903004186
2020-08-20,407.39,418.92,402.8,416.05,2.081480591275093
2020-08-21,416.05,418.72,385.21,387.99,-7.232145158380371
2020-08-22,388.06,396.87,379.96,395.56,1.8960461118414402
2020-08-23,395.56,396.96,383.42,390.5,-1.2957746478873247
2020-08-24,390.81,410.17,387.62,407.7,4.142752023546723
2020-08-25,407.64,409.02,370.4,383.2,-6.37787056367432
2020-08-26,383.16,392.61,377.63,385.96,0.7254637786298981
2020-08-27,385.96,396.48,372.53,383.11,-0.7439116702774571
2020-08-28,383.16,397.64,379.8,395.11,3.024474197059044
2020-08-29,395.32,405.53,391.97,398.8,0.8726178535606866
2020-08-30,398.8,429.59,398.47,428.86,7.00928041785198
2020-08-31,428.81,438.71,418.35,433.9,1.1730813551509507
2020-09-01,433.89,488.24,429.65,475.8,8.808322824716273
2020-09-02,475.72,480.96,423.26,439.08,-8.344720779812345
2020-09-03,439.14,466.4,376.99,381.97,-14.967144016545792
2020-09-04,381.97,399.58,368.22,385.94,1.0286573042441753
2020-09-05,385.94,394.12,314.13,334.91,-15.236929324296069
2020-09-06,334.91,358.09,316.69,353.49,5.256160004526291
2020-09-07,353.49,357.33,325.47,352.06,-0.40618076464239244
2020-09-08,352.06,355.69,326.66,337.46,-4.326438689029818
2020-09-09,337.46,358.33,331.12,351.1,3.8849330675021485
2020-09-10,351.1,376.92,350.86,367.92,4.571646010002172
2020-09-11,367.89,374.41,356.38,373.72,1.5599914374398054
2020-09-12,373.74,388.12,366.05,387.98,3.6702922831073783
2020-09-13,388.06,389.51,353.85,365.71,-6.1113997429657445
2020-09-14,365.89,383.99,357.54,376.7,2.869657552428989
2020-09-15,376.7,381.67,362.4,364.01,-3.4861679624186146
2020-09-16,363.91,372.88,355.18,364.88,0.2658408243806102
2020-09-17,364.75,393.96,363.54,388.97,6.226701288017077
2020-09-18,389.37,392.21,375.81,384.2,-1.3456533055700197
2020-09-19,384.25,386.99,377.63,385.25,0.25957170668397145
2020-09-20,385.33,385.39,365.48,371.12,-3.8289502047855084
2020-09-21,371.09,375.34,331.41,341.3,-8.728391444476989
2020-09-22,341.32,346.19,336.15,344.03,0.78772200098828
2020-09-23,343.96,344.12,315.54,319.95,-7.504297546491637
2020-09-24,319.97,352.6,317.27,349.17,8.362688661683416
2020-09-25,349.13,357.8,338.01,351.63,0.7109746039871456
2020-09-26,351.62,355.87,346.95,354.25,0.742413549752998
2020-09-27,354.26,362.0,347.51,357.23,0.8313971390980677
2020-09-28,357.42,367.63,352.57,354.08,-0.9432896520560415
2020-09-29,353.97,360.66,351.48,359.86,1.6367476240760257
2020-09-30,359.77,360.94,352.81,359.39,-0.10573471715963033
2020-10-01,359.5,369.1,345.66,353.07,-1.8211686067918564
2020-10-02,353.06,353.61,335.91,345.68,-2.1349224716500794
2020-10-03,345.78,351.04,343.74,345.6,-0.05208333333331886
2020-10-04,345.6,353.97,344.03,352.73,2.0213761233804877
2020-10-05,352.69,354.86,348.76,353.28,0.1670063405797031
2020-10-06,353.53,354.9,337.21,340.61,-3.7931945626963266
2020-10-07,340.59,342.68,334.11,341.48,0.2606301979618259
2020-10-08,341.66,352.95,334.79,350.83,2.613801556309312
2020-10-09,350.71,368.19,347.82,365.28,3.988720981165132
2020-10-10,365.25,377.97,364.57,370.16,1.3264534255457165
2020-10-11,370.28,377.27,369.23,374.19,1.044923701862697
2020-10-12,374.39,394.58,366.05,386.68,3.178338677976627
2020-10-13,386.64,387.06,374.57,381.23,-1.4190908375521256
2020-10-14,381.13,387.11,373.62,379.15,-0.5222207569563545
2020-10-15,378.96,380.77,370.39,377.45,-0.40005298715061355
2020-10-16,377.6,379.6,362.65,365.17,-3.4038940767313868
2020-10-17,365.08,369.94,363.18,368.63,0.9630252556764265
2020-10-18,368.61,378.49,367.54,377.81,2.4350864190995445
2020-10-19,377.85,383.97,372.72,379.19,0.35338484664679315
2020-10-20,379.03,380.14,367.16,368.35,-2.8994163160037867
2020-10-21,368.53,400.36,368.06,391.2,5.794989775051129
2020-10-22,391.39,420.12,391.21,414.05,5.472768989252512
2020-10-23,414.12,419.11,402.91,408.52,-1.3708019191226923
2020-10-24,408.59,416.28,407.74,411.92,0.8084093998834825
2020-10-25,412.44,417.07,403.95,406.09,-1.5636927774631295
2020-10-26,406.45,410.41,383.21,394.11,-3.131105528913241
2020-10-27,393.93,409.85,390.92,403.15,2.2869899541113656
2020-10-28,403.11,408.1,381.51,388.14,-3.856855773689913
2020-10-29,388.25,393.33,381.53,386.76,-0.3852518357637835
2020-10-30,387.16,391.98,374.36,382.41,-1.2421223294369916
2020-10-31,382.81,394.01,380.53,386.42,0.9342166554526198
2020-11-01,386.36,397.32,384.94,396.29,2.5057407454137137
2020-11-02,396.45,404.04,379.13,383.53,-3.3687064897139773
2020-11-03,383.64,389.98,370.96,387.92,1.103320272221084
2020-11-04,388.23,407.9,377.22,402.19,3.470996295283318
2020-11-05,402.5,419.94,396.46,416.63,3.3914984518637628
2020-11-06,416.59,457.79,415.08,455.72,8.586412709558513
2020-11-07,455.78,467.88,425.57,435.4,-4.680753330271015
2020-11-08,435.39,460.09,432.44,454.68,4.242544206914758
2020-11-09,454.55,458.51,434.95,444.33,-2.3000922737604994
2020-11-10,444.38,454.43,439.5,450.22,1.2971436186753214
2020-11-11,450.26,476.08,449.51,463.33,2.8208836034791607
2020-11-12,463.33,469.57,452.44,462.56,-0.16646489104115827
2020-11-13,462.61,477.78,457.65,476.29,2.8721997102605568
2020-11-14,476.38,477.34,452.6,460.7,-3.4035163881050594
2020-11-15,460.75,462.93,440.44,448.23,-2.793208843674002
2020-11-16,448.18,465.97,445.82,460.43,2.660556436374693
2020-11-17,460.37,484.59,459.74,481.95,4.477642909015455
2020-11-18,482.05,495.04,459.92,478.52,-0.7376912145782892
2020-11-19,478.55,480.55,465.41,471.21,-1.5576918995776898
2020-11-20,471.27,513.06,471.06,509.98,7.590493744852746
2020-11-21,509.94,552.13,505.14,551.91,7.604500733815291
2020-11-22,551.9,580.0,514.44,559.4,1.3407222023596712
2020-11-23,559.37,610.33,551.8,609.22,8.182594136765047
2020-11-24,609.2,621.7,589.56,605.03,-0.6892220220485055
2020-11-25,605.01,605.63,555.32,569.67,-6.203591553004377
2020-11-26,569.69,577.08,484.03,519.32,-9.699222059616423
2020-11-27,519.69,530.41,494.65,518.11,-0.3049545463318679
2020-11-28,518.7,547.94,506.97,537.74,3.540744597760993
2020-11-29,537.89,576.52,530.71,575.45,6.5270657746111835
2020-11-30,575.35,615.97,571.04,615.92,6.586894401870364
2020-12-01,616.78,635.66,567.79,585.66,-5.313663217566507
2020-12-02,585.69,604.34,575.24,598.05,2.066716829696497
2020-12-03,597.94,622.1,587.15,616.32,2.9822170301142257
2020-12-04,616.33,619.61,566.34,567.91,-8.525998837844039
2020-12-05,567.84,596.73,561.24,596.68,4.833411543876101
2020-12-06,596.61,606.9,583.67,601.68,0.8426406063023429
2020-12-07,601.54,603.06,584.53,591.09,-1.7679202828672338
2020-12-08,591.03,594.78,551.08,555.05,-6.482298891991717
2020-12-09,554.95,577.94,530.88,573.21,3.1855689886777947
2020-12-10,573.28,575.56,548.99,558.13,-2.7144213713650904
2020-12-11,558.15,560.28,536.43,544.17,-2.5690501130161567
2020-12-12,544.16,573.59,543.9,567.78,4.160061995843462
2020-12-13,568.07,594.83,563.37,591.09,3.8944999915410476
2020-12-14,590.66,591.41,576.01,586.19,-0.762551391187143
2020-12-15,586.22,596.97,579.95,588.91,0.456776077838709
2020-12-16,588.81,638.18,580.9,637.38,7.620257930904649
2020-12-17,637.29,675.68,627.36,643.17,0.9142217454172297
2020-12-18,643.28,664.26,630.44,653.85,1.6165787260075017
2020-12-19,654.08,669.54,645.91,658.17,0.6214199978728776
2020-12-20,657.79,661.04,622.39,638.26,-3.0598815529721386
2020-12-21,638.28,647.87,599.97,607.85,-5.006169285185481
2020-12-22,607.86,637.47,588.24,637.47,4.644924467033745
2020-12-23,637.04,638.11,554.09,585.69,-8.767436698594803
2020-12-24,585.47,614.92,566.15,612.34,4.388085050788778
2020-12-25,612.38,633.9,605.01,626.93,2.3208332668718925
2020-12-26,626.99,652.36,616.04,636.58,1.506487794149994
2020-12-27,636.35,715.46,627.12,683.71,6.926913457460036
2020-12-28,683.76,747.86,682.47,730.05,6.3406615985206445
2020-12-29,730.26,739.77,690.24,731.76,0.2049852410626435
2020-12-30,732.04,757.11,720.21,751.8,2.6283586060122364
2020-12-31,751.92,755.13,724.67,735.94,-2.171372666249953
2021-01-01,735.87,748.96,715.74,729.12,-0.9257735352205398
2021-01-02,729.0,787.26,715.15,774.5,5.874757908327954
2021-01-03,774.54,1008.49,769.57,974.97,20.557555617095915
2021-01-04,977.76,1158.27,894.24,1042.4,6.201074443591721
2021-01-05,1042.48,1131.56,976.91,1099.52,5.187718277066352
2021-01-06,1099.77,1210.78,1060.67,1207.77,8.942099903127252
2021-01-07,1208.71,1286.81,1153.09,1224.35,1.2774125045942644
2021-01-08,1224.33,1271.08,1069.25,1215.73,-0.7073939114770474
2021-01-09,1215.92,1301.75,1172.39,1275.58,4.677088069740813
2021-01-10,1275.87,1347.98,1180.45,1256.04,-1.5787713767077425
2021-01-11,1255.84,1257.3,917.96,1091.47,-15.059506903533757
2021-01-12,1086.96,1149.19,1008.28,1050.19,-3.501271198545023
2021-01-13,1050.2,1134.66,990.96,1128.46,6.935115112631372
2021-01-14,1128.8,1246.52,1088.52,1226.17,7.940986975704846
2021-01-15,1233.34,1256.13,1079.19,1171.68,-5.262529018161943
2021-01-16,1172.12,1290.92,1154.04,1228.27,4.571470442166632
2021-01-17,1228.33,1269.01,1168.39,1232.64,0.3496560228452892
2021-01-18,1233.93,1260.3,1184.15,1258.06,1.9180325262705977
2021-01-19,1258.1,1437.42,1252.36,1372.0,8.301749271137032
2021-01-20,1372.0,1406.56,1237.27,1377.53,0.4014431627623335
2021-01-21,1377.63,1387.39,1095.26,1117.33,-23.29660888009811
2021-01-22,1118.01,1272.85,1045.02,1234.58,9.442077467640813
2021-01-23,1234.34,1271.65,1196.94,1233.4,-0.07621209664341067
2021-01-24,1233.41,1398.0,1222.14,1390.28,11.283338608050169
2021-01-25,1390.69,1474.68,1298.13,1317.9,-5.523180817967976
2021-01-26,1317.67,1377.94,1246.45,1366.27,3.5571299962672027
2021-01-27,1366.14,1372.31,1210.4,1247.62,-9.499687404818792
2021-01-28,1247.67,1359.51,1221.15,1328.47,6.082184768944723
2021-01-29,1329.16,1436.27,1288.26,1379.3,3.63517726382947
2021-01-30,1379.78,1405.78,1327.66,1376.96,-0.2047989774575831
2021-01-31,1377.05,1380.04,1282.41,1312.73,-4.8997128122309945
2021-02-01,1312.69,1376.44,1272.09,1373.4,4.420416484636671
2021-02-02,1373.31,1546.88,1361.63,1511.36,9.13415731526572
2021-02-03,1511.96,1667.93,1510.27,1664.34,9.155581191343108
2021-02-04,1664.19,1693.64,1570.45,1594.0,-4.40338770388959
2021-02-05,1593.91,1760.09,1589.28,1719.2,7.287691949744064
2021-02-06,1719.11,1742.9,1648.03,1676.63,-2.533653817479097
2021-02-07,1676.62,1692.29,1491.68,1612.99,-3.9448477671901174
2021-02-08,1612.98,1775.12,1566.43,1750.18,7.839193682935472
2021-02-09,1750.19,1818.94,1711.4,1770.63,1.1543913748213943
2021-02-10,1770.81,1835.4,1683.52,1742.09,-1.6485945043023051
2021-02-11,1742.11,1817.68,1704.97,1786.35,2.476558345229099
2021-02-12,1786.74,1862.17,1741.04,1841.02,2.9483655799502433
2021-02-13,1840.9,1871.36,1766.05,1815.49,-1.3996221405791318
2021-02-14,1815.44,1850.0,1787.11,1801.78,-0.7581391734840037
2021-02-15,1800.6,1835.51,1661.09,1778.82,-1.2244071912841084
2021-02-16,1778.63,1827.07,1726.78,1781.69,0.1717470491499613
2021-02-17,1781.44,1854.03,1734.15,1847.95,3.599123352904569
2021-02-18,1849.95,1950.04,1849.05,1934.16,4.353828018364563
2021-02-19,1934.17,1968.93,1892.7,1955.59,1.0953216164942472
2021-02-20,1955.54,2040.79,1800.0,1913.88,-2.176729993521007
2021-02-21,1912.97,1974.99,1885.7,1933.45,1.0592464247847122
2021-02-22,1933.52,1935.04,1561.68,1777.28,-8.79096146921138
2021-02-23,1777.25,1781.44,1370.45,1578.11,-12.618892219173574
2021-02-24,1578.27,1711.16,1505.79,1623.71,2.798529294024182
2021-02-25,1623.76,1669.24,1460.92,1476.15,-9.999661281035117
2021-02-26,1476.77,1561.66,1403.3,1445.44,-2.167506088111573
2021-02-27,1445.69,1527.69,1427.15,1458.93,0.9075144112465992
2021-02-28,1458.84,1467.76,1294.79,1418.76,-2.8250021145225355
2021-03-01,1418.91,1571.15,1411.55,1570.03,9.625293784195199
2021-03-02,1570.0,1602.13,1457.22,1488.62,-5.466808184761733
2021-03-03,1488.8,1653.04,1477.72,1571.05,5.235352153018682
2021-03-04,1567.84,1623.73,1506.86,1538.61,-1.8997666725161035
2021-03-05,1539.73,1548.71,1443.32,1530.29,-0.616876539740837
2021-03-06,1530.24,1670.01,1514.62,1649.19,7.212631655539995
2021-03-07,1650.94,1732.84,1634.73,1728.1,4.465019385452223
2021-03-08,1727.17,1841.05,1665.54,1831.49,5.695908795570816
2021-03-09,1831.57,1869.1,1801.29,1869.1,2.0079182494248555
2021-03-10,1869.32,1875.98,1759.5,1794.14,-4.19030844861604
2021-03-11,1794.28,1845.32,1729.05,1825.79,1.7258282715974997
2021-03-12,1827.44,1841.19,1723.18,1766.9,-3.426339917369402
2021-03-13,1767.05,1943.36,1730.46,1921.13,8.020279731199874
2021-03-14,1921.29,1932.36,1836.78,1849.06,-3.90630915167707
2021-03-15,1848.18,1890.59,1745.04,1792.38,-3.113179124962338
2021-03-16,1792.08,1817.35,1715.97,1804.85,0.7075380225503495
2021-03-17,1804.56,1837.88,1743.62,1823.35,1.0305207447829525
2021-03-18,1823.72,1849.23,1760.83,1776.08,-2.6823116075852496
2021-03-19,1775.87,1848.88,1735.42,1809.64,1.866117017749398
2021-03-20,1809.09,1868.09,1801.6,1804.6,-0.24880860024382184
2021-03-21,1804.6,1815.85,1748.47,1783.72,-1.1705873119099344
2021-03-22,1783.58,1806.62,1659.28,1682.37,-6.015918020411683
2021-03-23,1681.5,1720.01,1654.14,1667.9,-0.8153966065111762
2021-03-24,1668.42,1739.82,1546.48,1582.38,-5.437379137754519
2021-03-25,1582.23,1621.32,1550.11,1586.54,0.2716603426323916
2021-03-26,1586.36,1699.27,1586.28,1698.6,6.60779465442129
2021-03-27,1698.68,1731.73,1667.12,1713.01,0.8365391912481497
2021-03-28,1712.89,1724.74,1661.92,1686.8,-1.546715674650234
2021-03-29,1686.88,1839.41,1678.38,1816.69,7.145412811211596
2021-03-30,1816.92,1857.65,1788.6,1841.01,1.3085208662636227
2021-03-31,1841.01,1945.4,1774.66,1917.99,4.01357671312155
2021-04-01,1918.82,1983.84,1897.38,1967.96,2.497001971584793
2021-04-02,1968.12,2144.11,1949.99,2134.55,7.796959546508645
2021-04-03,2134.66,2137.68,2004.4,2008.59,-6.276542251031815
2021-04-04,2007.82,2091.31,1982.0,2075.94,3.2814050502423053
2021-04-05,2076.14,2127.89,2004.05,2106.41,1.437042171277196
2021-04-06,2108.81,2150.78,2047.48,2111.53,0.1288165453486455
2021-04-07,2112.41,2128.25,1939.64,1961.46,-7.695798027999542
2021-04-08,1962.44,2084.08,1951.83,2079.92,5.648294165160199
2021-04-09,2080.2,2101.07,2050.39,2066.93,-0.6420149690603931
2021-04-10,2067.26,2197.73,2058.23,2133.79,3.117926318897349
2021-04-11,2133.89,2164.76,2114.55,2151.42,0.8148106831767019
2021-04-12,2150.79,2199.52,2103.73,2137.81,-0.6071634055411855
2021-04-13,2137.55,2315.47,2136.49,2299.93,7.060214876104911
2021-04-14,2299.25,2445.4,2281.49,2431.56,5.4413627465495376
2021-04-15,2432.9,2541.9,2402.75,2514.22,3.2344027173437375
2021-04-16,2514.55,2544.54,2302.3,2423.18,-3.770664993933606
2021-04-17,2424.12,2493.93,2314.12,2318.33,-4.563198509271759
2021-04-18,2317.88,2338.53,1948.93,2237.17,-3.6076829208330183
2021-04-19,2236.1,2275.87,2081.3,2160.63,-3.49296270069377
2021-04-20,2161.06,2345.18,2058.0,2332.14,7.335751713018941
2021-04-21,2331.84,2467.51,2238.15,2360.81,1.2271211999271352
2021-04-22,2360.32,2642.99,2313.46,2401.1,1.6983882387239075
2021-04-23,2398.95,2440.21,2119.26,2367.31,-1.3365380959823543
2021-04-24,2367.35,2367.46,2159.6,2215.93,-6.833248342682309
2021-04-25,2217.23,2355.2,2169.91,2316.48,4.284517889211217
2021-04-26,2320.63,2539.8,2305.97,2533.12,8.388469555330968
2021-04-27,2531.07,2677.95,2484.44,2665.24,5.034068226501164
2021-04-28,2665.83,2759.03,2562.74,2746.54,2.938606392042353
2021-04-29,2746.51,2797.52,2670.35,2757.36,0.39349232599297546
2021-04-30,2757.02,2797.61,2726.03,2772.78,0.5683826340351639
2021-05-01,2772.27,2951.74,2753.6,2944.66,5.85432613612437
2021-05-02,2945.04,2984.52,2854.12,2950.33,0.1793019763890807
2021-05-03,2950.07,3451.44,2950.07,3429.37,13.97632801360016
2021-05-04,3429.48,3516.34,3188.9,3286.71,-4.3438575353468964
2021-05-05,3284.31,3540.78,3228.86,3522.76,6.768840341096194
2021-05-06,3522.74,3601.59,3380.6,3489.52,-0.9519933973726987
2021-05-07,3490.83,3583.34,3363.56,3481.22,-0.2760526482095394
2021-05-08,3479.81,3952.88,3453.37,3905.55,10.900897440821401
2021-05-09,3905.69,3979.77,3734.44,3922.23,0.42169888048380544
2021-05-10,3923.48,4203.98,3669.84,3947.9,0.6185567010309296
2021-05-11,3948.66,4177.53,3781.86,4167.78,5.257475202625856
2021-05-12,4173.61,4366.1,3794.15,3811.77,-9.492702865073174
2021-05-13,3807.5,4031.99,3539.96,3719.62,-2.3626069329662736
2021-05-14,3719.46,4171.76,3694.54,4075.38,8.733418724143517
2021-05-15,4074.57,4129.99,3639.12,3641.65,-11.888017794131784
2021-05-16,3643.67,3877.2,3351.92,3582.12,-1.718256228155399
2021-05-17,3582.19,3582.27,3130.12,3279.68,-9.223765733242274
2021-05-18,3280.5,3558.57,3244.93,3377.55,2.8733845538926195
2021-05-19,3376.22,3434.01,1922.25,2435.69,-38.61451991016918
2021-05-20,2436.59,2988.52,2163.4,2777.55,12.27556659646091
2021-05-21,2766.88,2931.66,2111.42,2433.11,-13.717834376579766
2021-05-22,2433.09,2481.06,2162.84,2291.6,-6.174288706580565
2021-05-23,2292.68,2379.89,1739.91,2101.34,-9.105618319738817
2021-05-24,2101.3,2667.2,2080.87,2646.79,20.60949300851219
2021-05-25,2647.27,2747.49,2388.81,2705.09,2.137451988658424
2021-05-26,2705.69,2908.37,2648.1,2884.66,6.204197375080592
2021-05-27,2885.02,2885.87,2638.62,2735.88,-5.451262482272609
2021-05-28,2742.39,2760.17,2332.43,2414.29,-13.58991670428987
2021-05-29,2411.68,2567.42,2207.21,2276.07,-5.958076860553483
2021-05-30,2276.97,2465.84,2181.93,2386.1,4.5735719374711925
2021-05-31,2386.93,2713.98,2279.42,2708.47,11.871647092269805
2021-06-01,2707.94,2738.23,2529.73,2633.67,-2.820019212733561
2021-06-02,2633.74,2801.0,2554.88,2706.1,2.673958833745986
2021-06-03,2705.05,2889.19,2666.39,2853.35,5.197399547899828
2021-06-04,2856.63,2856.63,2557.71,2686.5,-6.332774986041321
2021-06-05,2688.75,2814.02,2555.98,2628.98,-2.2735053138479557
2021-06-06,2628.43,2743.53,2614.48,2713.66,3.1407766632518452
2021-06-07,2713.52,2842.88,2581.24,2592.63,-4.662832721985007
2021-06-08,2592.12,2618.7,2320.64,2510.65,-3.244976400533718
2021-06-09,2507.86,2620.74,2408.37,2606.23,3.7744174535631885
2021-06-10,2607.45,2615.46,2432.41,2469.97,-5.56605950679563
2021-06-11,2470.04,2493.48,2324.21,2351.45,-5.043271173105963
2021-06-12,2351.45,2448.04,2260.8,2368.47,0.7186073710032208
2021-06-13,2368.68,2547.9,2311.96,2508.27,5.565190350321143
2021-06-14,2508.49,2606.91,2467.61,2581.48,2.8274478206300353
2021-06-15,2581.42,2637.9,2512.39,2543.83,-1.4776930848366499
2021-06-16,2544.35,2552.12,2353.24,2367.28,-7.479892534892353
2021-06-17,2367.78,2459.11,2309.08,2371.62,0.16191464062538227
2021-06-18,2372.1,2376.62,2142.74,2229.53,-6.394621287894744
2021-06-19,2229.53,2276.7,2164.14,2166.91,-2.889829296094455
2021-06-20,2166.3,2276.83,2045.03,2243.86,3.456543634629609
2021-06-21,2244.25,2257.86,1868.32,1891.18,-18.669296418109322
2021-06-22,1890.95,1994.32,1707.24,1876.66,-0.761459188132105
2021-06-23,1877.28,2043.1,1823.57,1968.39,4.62865590660388
2021-06-24,1968.76,2033.96,1886.74,1989.14,1.0245633791487831
2021-06-25,1989.77,2017.47,1793.47,1810.57,-9.897435614198846
2021-06-26,1810.53,1850.4,1719.32,1830.62,1.097442396565094
2021-06-27,1830.42,1980.7,1808.59,1979.88,7.548942360143041
2021-06-28,1981.24,2142.84,1962.89,2083.09,4.88937107854198
2021-06-29,2083.48,2241.86,2076.17,2158.71,3.484951660945658
2021-06-30,2158.32,2281.55,2090.61,2273.84,5.080392639763571
2021-07-01,2274.5,2274.63,2077.56,2109.11,-7.84169626050798
2021-07-02,2108.58,2158.7,2019.75,2154.78,2.144070392337049
2021-07-03,2154.53,2236.97,2115.8,2224.7,3.154133141547158
2021-07-04,2224.7,2386.2,2222.95,2323.22,4.2406659722282
2021-07-05,2322.6,2322.6,2163.09,2196.16,-5.757321870901941
2021-07-06,2196.25,2347.47,2194.2,2322.72,5.44490941654611
2021-07-07,2322.74,2402.68,2296.43,2316.57,-0.26634204880489765
2021-07-08,2316.21,2322.47,2095.92,2120.22,-9.243852053088842
2021-07-09,2120.05,2185.62,2066.09,2145.89,1.2041623755178361
2021-07-10,2146.15,2191.3,2078.43,2111.12,-1.6593088029103131
2021-07-11,2110.9,2173.34,2081.62,2139.35,1.3298431766658012
2021-07-12,2139.44,2167.6,2008.66,2035.09,-5.12753735707021
2021-07-13,2035.09,2042.61,1920.62,1940.72,-4.862628302897888
2021-07-14,1940.48,2017.99,1868.45,1994.64,2.7152769422051137
2021-07-15,1994.73,2038.91,1884.81,1917.21,-4.043375530067127
2021-07-16,1917.21,1960.21,1852.42,1878.2,-2.0769886061122342
2021-07-17,1877.0,1917.8,1851.97,1897.98,1.105385725876986
2021-07-18,1898.01,1988.24,1881.6,1892.42,-0.2953889728495745
2021-07-19,1891.43,1915.15,1807.19,1818.07,-4.035048155461568
2021-07-20,1818.07,1840.36,1720.7,1786.07,-1.7916431046935453
2021-07-21,1786.18,2029.51,1758.64,1994.49,10.444273974800574
2021-07-22,1994.61,2043.26,1952.31,2024.58,1.4803070266425644
2021-07-23,2024.51,2129.66,2000.27,2123.61,4.666581905340441
2021-07-24,2124.0,2162.29,2106.71,2151.85,1.2942351929734837
2021-07-25,2166.98,2195.03,2108.74,2189.79,1.041652395891841
2021-07-26,2189.74,2430.01,2174.44,2229.53,1.7846810762806697
2021-07-27,2230.24,2318.68,2152.92,2300.22,3.042317691351263
2021-07-28,2300.21,2343.49,2246.23,2299.11,-0.04784460073680289
2021-07-29,2299.46,2397.71,2269.15,2380.93,3.4217721646583397
2021-07-30,2380.59,2467.4,2320.8,2460.95,3.265405636034852
2021-07-31,2461.08,2551.68,2421.7,2532.19,2.8082410877540833
2021-08-01,2530.94,2696.38,2515.26,2556.23,0.9893475939176037
2021-08-02,2556.07,2664.73,2513.51,2608.04,1.9926841612858621
2021-08-03,2608.01,2631.43,2445.49,2506.65,-4.043643907206835
2021-08-04,2506.5,2766.46,2462.32,2725.29,8.028136455202931
2021-08-05,2725.28,2842.95,2533.51,2827.21,3.6053211469965034
2021-08-06,2827.23,2946.62,2726.04,2889.43,2.152673710731868
2021-08-07,2889.58,3169.74,2867.58,3158.0,8.49968334388854
2021-08-08,3158.3,3188.49,2949.66,3012.07,-4.854800851241838
2021-08-09,3011.88,3184.84,2899.24,3162.93,4.775635249594513
2021-08-10,3162.81,3232.02,3057.84,3140.71,-0.7036625476404987
2021-08-11,3140.86,3269.7,3122.67,3163.66,0.7206842707496928
2021-08-12,3160.17,3236.28,2981.35,3043.61,-3.829662801738723
2021-08-13,3043.2,3324.53,3035.52,3322.43,8.404390762183102
2021-08-14,3322.25,3328.38,3209.45,3264.69,-1.7631076763796851
2021-08-15,3264.56,3318.61,3115.34,3308.87,1.3391278593598404
2021-08-16,3307.96,3334.22,3138.37,3147.65,-5.093005893285465
2021-08-17,3147.67,3290.03,2993.63,3014.58,-4.414877030962859
2021-08-18,3012.62,3124.51,2951.04,3016.91,0.14219847459818039
2021-08-19,3016.92,3185.51,2962.04,3184.82,5.271883497340512
2021-08-20,3184.83,3300.36,3179.18,3284.21,3.025994074678541
2021-08-21,3285.12,3307.33,3200.19,3223.96,-1.8970458690554428
2021-08-22,3224.17,3271.94,3128.98,3238.7,0.4486367987155262
2021-08-23,3238.41,3375.42,3231.96,3319.49,2.4425438847533787
2021-08-24,3322.6,3357.99,3150.75,3173.26,-4.706201193725055
2021-08-25,3172.12,3247.43,3080.7,3228.15,1.7356690364450287
2021-08-26,3228.03,3249.62,3057.48,3093.54,-4.347446614558087
2021-08-27,3093.78,3279.93,3063.37,3273.58,5.4924577984958285
2021-08-28,3273.78,3284.58,3212.24,3243.9,-0.9211134745214128
2021-08-29,3243.96,3282.21,3155.31,3222.16,-0.6765647888373073
2021-08-30,3222.43,3345.72,3145.53,3225.67,0.10044424879173122
2021-08-31,3228.23,3467.42,3191.34,3430.74,5.902808140517783
2021-09-01,3429.65,3839.91,3384.82,3832.73,10.516785685399178
2021-09-02,3826.9,3833.89,3723.42,3786.19,-1.075223377590666
2021-09-03,3785.85,4024.89,3715.97,3936.29,3.8218728803009956
2021-09-04,3938.45,3968.33,3844.07,3884.97,-1.3765872065936164
2021-09-05,3885.4,3981.22,3834.74,3950.62,1.650880115019916
2021-09-06,3950.2,3968.2,3867.55,3927.21,-0.5854028687032214
2021-09-07,3926.84,3945.79,3061.3,3423.12,-14.715230549907696
2021-09-08,3424.35,3557.67,3221.6,3495.1,2.024262538983148
2021-09-09,3498.92,3564.3,3395.94,3423.51,-2.2027100840949743
2021-09-10,3423.87,3512.9,3156.28,3207.27,-6.75340710323733
2021-09-11,3209.37,3345.37,3202.41,3267.33,1.773925498801775
2021-09-12,3267.33,3469.5,3231.87,3408.28,4.135517034985396
2021-09-13,3408.17,3429.24,3118.66,3284.52,-3.764629230450723
2021-09-14,3284.65,3428.87,3270.91,3428.87,4.206050389778551
2021-09-15,3430.36,3612.29,3361.63,3611.9,5.026163515047481
2021-09-16,3612.23,3672.68,3488.53,3569.43,-1.1990710001316789
2021-09-17,3569.92,3592.2,3352.32,3398.65,-5.039353861091903
2021-09-18,3398.55,3539.5,3371.33,3435.97,1.0890665518034097
2021-09-19,3435.92,3455.67,3282.85,3329.12,-3.208054981496617
2021-09-20,3328.49,3344.04,2931.64,2976.05,-11.842542968028075
2021-09-21,2976.7,3101.88,2659.71,2761.52,-7.792085518120449
2021-09-22,2764.71,3087.97,2740.58,3077.78,10.17194211412122
2021-09-23,3077.8,3173.0,3035.96,3152.92,2.382553315656594
2021-09-24,3152.92,3158.38,2740.06,2928.57,-7.6607354442611895
2021-09-25,2928.59,2965.48,2812.7,2922.55,-0.20666883372397268
2021-09-26,2922.47,3113.65,2740.12,3063.51,4.60386941775938
2021-09-27,3061.86,3163.86,2926.24,2926.24,-4.634616436109148
2021-09-28,2926.04,2969.18,2791.42,2807.28,-4.230429454845963
2021-09-29,2807.15,2948.5,2784.66,2851.5,1.555321760476939
2021-09-30,2851.06,3047.08,2837.68,3000.59,4.983353273856149
2021-10-01,2999.86,3329.32,2972.75,3309.13,9.345961022987915
2021-10-02,3309.14,3467.95,3265.97,3388.97,2.355582964735596
2021-10-03,3388.83,3485.48,3346.63,3417.34,0.8342746112473508
2021-10-04,3417.26,3436.34,3273.22,3382.9,-1.015696591681697
2021-10-05,3383.32,3540.83,3365.28,3517.26,3.808077878803388
2021-10-06,3515.35,3627.19,3345.56,3575.41,1.6798073507653652
2021-10-07,3575.43,3650.18,3473.47,3586.0,0.29475738984941896
2021-10-08,3586.91,3668.35,3537.24,3559.42,-0.7723168381365442
2021-10-09,3559.96,3626.11,3541.4,3574.2,0.3984108331934358
2021-10-10,3574.52,3599.18,3409.22,3415.03,-4.670237157506662
2021-10-11,3414.93,3622.53,3381.43,3545.06,3.6707418210129057
2021-10-12,3541.49,3545.35,3404.49,3489.9,-1.4782658528897588
2021-10-13,3491.08,3612.04,3416.0,3607.28,3.221263666807131
2021-10-14,3607.36,3820.47,3588.24,3790.41,4.829292873330319
2021-10-15,3790.34,3904.91,3735.21,3866.9,1.979880524451109
2021-10-16,3869.05,3967.43,3804.55,3827.55,-1.0842444906010373
2021-10-17,3827.55,3917.56,3664.63,3845.47,0.4660028553076638
2021-10-18,3848.64,3892.01,3685.82,3747.6,-2.6961255203330126
2021-10-19,3745.46,3884.34,3733.78,3876.78,3.3873472314652924
2021-10-20,3876.76,4168.12,3830.26,4159.89,6.806189586743883
2021-10-21,4160.51,4366.91,4029.48,4054.16,-2.6232314462182145
2021-10-22,4053.89,4164.11,3896.4,3970.94,-2.0889260477368032
2021-10-23,3970.94,4169.33,3938.79,4168.85,4.747352387349036
2021-10-24,4168.8,4184.0,3965.84,4082.8,-2.1063975702948956
2021-10-25,4082.68,4234.76,4069.94,4219.92,3.2521943543953498
2021-10-26,4219.92,4291.98,4098.19,4129.51,-2.1893638712583297
2021-10-27,4130.06,4299.61,3914.06,3921.93,-5.306825975986327
2021-10-28,3921.54,4289.8,3896.33,4284.9,8.480011202128397
2021-10-29,4284.9,4458.3,4268.21,4413.7,2.9181865554976594
2021-10-30,4413.7,4428.41,4250.24,4320.65,-2.1536111464710217
2021-10-31,4322.0,4393.61,4169.48,4287.56,-0.8032540652492234
2021-11-01,4287.41,4376.94,4157.51,4320.85,0.7739217977944272
2021-11-02,4320.85,4598.38,4287.36,4586.06,5.782959664723096
2021-11-03,4586.96,4661.88,4458.87,4602.21,0.3313625410400656
2021-11-04,4601.93,4604.83,4421.87,4535.11,-1.4733931481265201
2021-11-05,4534.96,4569.31,4439.67,4475.0,-1.3398882681564255
2021-11-06,4475.0,4526.75,4330.29,4517.36,0.9377158340269466
2021-11-07,4517.27,4634.39,4502.7,4612.06,2.05526380836329
2021-11-08,4612.05,4822.97,4612.05,4808.38,4.083079956243058
2021-11-09,4808.34,4836.69,4715.43,4731.83,-1.6169219942390198
2021-11-10,4731.83,4864.06,4498.78,4634.03,-2.110474036637661
2021-11-11,4633.98,4778.17,4578.66,4720.87,1.8405505764827315
2021-11-12,4720.5,4807.16,4511.96,4667.31,-1.1396286083418412
2021-11-13,4665.76,4705.02,4585.37,4644.61,-0.4553665431543347
2021-11-14,4644.4,4692.76,4514.95,4625.59,-0.40665082724581053
2021-11-15,4625.71,4769.38,4543.47,4562.98,-1.3747594773591048
2021-11-16,4562.97,4562.97,4115.31,4208.16,-8.431475989506113
2021-11-17,4208.29,4298.3,4071.01,4290.88,1.9247799985084677
2021-11-18,4290.31,4342.74,3958.44,4001.87,-7.207630432772692
2021-11-19,3996.29,4305.41,3978.08,4295.43,6.964145615223629
2021-11-20,4295.27,4434.27,4206.75,4408.85,2.576181997573061
2021-11-21,4409.02,4422.6,4246.2,4268.08,-3.3021874004236214
2021-11-22,4268.07,4311.46,4026.75,4086.95,-4.431666646276561
2021-11-23,4086.73,4384.75,4064.17,4340.23,5.8407042944728635
2021-11-24,4340.23,4372.83,4172.19,4273.54,-1.5605329539444956
2021-11-25,4270.73,4549.74,4248.9,4520.3,5.521093732716868
2021-11-26,4520.3,4548.1,3917.43,4034.53,-12.040312006603
2021-11-27,4037.06,4183.02,4029.06,4094.8,1.4100810784409552
2021-11-28,4095.16,4297.63,3980.24,4296.98,4.696787045785639
2021-11-29,4296.98,4456.82,4280.18,4443.22,3.2913067550110213
2021-11-30,4443.22,4749.12,4349.21,4628.9,4.011320184060995
2021-12-01,4628.72,4778.14,4525.33,4583.28,-0.9914297184549168
2021-12-02,4583.28,4629.75,4437.53,4512.9,-1.5595293491989655
2021-12-03,4512.9,4646.73,4047.07,4219.3,-6.958500225155818
2021-12-04,4219.3,4237.56,3533.02,4123.46,-2.324261663748409
2021-12-05,4118.27,4247.38,4036.0,4194.8,1.8244016401258638
2021-12-06,4194.95,4373.23,3922.65,4353.31,3.637691779358708
2021-12-07,4351.36,4424.2,4259.45,4307.08,-1.028074704904477
2021-12-08,4307.08,4449.69,4229.63,4435.74,2.9005306893550986
2021-12-09,4435.74,4482.89,4078.14,4107.69,-7.9862404417081185
2021-12-10,4107.2,4226.79,3894.03,3903.48,-5.218932849662347
2021-12-11,3903.52,4094.92,3836.92,4075.66,4.22361040911165
2021-12-12,4078.17,4173.21,3988.29,4131.78,1.2975037393084743
2021-12-13,4131.47,4141.27,3673.19,3781.94,-9.242082106009091
2021-12-14,3782.12,3879.43,3690.06,3861.55,2.0569460449819448
2021-12-15,3860.51,4090.15,3649.69,4019.24,3.949254087837491
2021-12-16,4019.57,4108.24,3955.46,3956.62,-1.591004443186363
2021-12-17,3957.12,3993.87,3702.33,3878.29,-2.032596840360054
2021-12-18,3878.2,3993.05,3769.91,3959.83,2.061452133046118
2021-12-19,3959.9,4025.36,3890.9,3925.34,-0.8804332873075948
2021-12-20,3925.46,3978.66,3757.42,3938.8,0.3386818320300636
2021-12-21,3944.03,4058.76,3915.56,4016.59,1.8065075101018513
2021-12-22,4016.25,4072.4,3944.15,3979.54,-0.9224684259989858
2021-12-23,3979.57,4149.17,3895.89,4110.14,3.176777433372103
2021-12-24,4110.2,4133.77,4024.24,4043.39,-1.652326389490006
2021-12-25,4043.6,4136.03,4024.87,4093.14,1.210317751164142
2021-12-26,4093.38,4104.23,4005.38,4061.27,-0.7906393812772883
2021-12-27,4062.02,4125.22,4033.04,4036.24,-0.6387132578835798
2021-12-28,4036.86,4036.86,3760.86,3791.69,-6.465982187362365
2021-12-29,3792.95,3825.97,3607.2,3627.93,-4.548599339017015
2021-12-30,3629.33,3767.93,3589.64,3709.57,2.163053938866236
2021-12-31,3709.38,3812.01,3623.74,3677.85,-0.857294343162451
2022-01-01,3677.69,3775.2,3675.75,3765.67,2.336370420137718
2022-01-02,3765.67,3851.16,3718.33,3830.67,1.6968311026530607
2022-01-03,3830.7,3849.5,3682.48,3764.24,-1.765562238326994
2022-01-04,3764.62,3889.07,3715.24,3789.52,0.6570753024129729
2022-01-05,3784.47,3846.44,3418.46,3535.86,-7.031104172676511
2022-01-06,3536.15,3550.19,3306.14,3407.77,-3.767273026055165
2022-01-07,3407.22,3413.26,3077.3,3195.31,-6.63190738926739
2022-01-08,3198.14,3244.46,3001.76,3080.02,-3.8350400322075795
2022-01-09,3079.89,3210.34,3060.47,3150.3,2.2350252356918485
2022-01-10,3150.27,3179.96,2931.68,3085.43,-2.1014899057829917
2022-01-11,3084.64,3262.78,3053.4,3237.89,4.733020578216061
2022-01-12,3238.22,3406.79,3208.0,3370.89,3.9357558389624128
2022-01-13,3370.87,3407.98,3234.97,3238.03,-4.102494417902233
2022-01-14,3241.95,3341.24,3195.65,3307.9,1.9937120227334644
2022-01-15,3307.84,3369.95,3265.41,3327.74,0.5980034497887347
2022-01-16,3326.5,3388.22,3276.44,3346.59,0.6003125569609705
2022-01-17,3346.63,3356.45,3142.4,3209.35,-4.277501674793967
2022-01-18,3209.43,3242.47,3084.48,3160.15,-1.5594196478015203
2022-01-19,3160.15,3173.63,3049.3,3083.65,-2.480826293515801
2022-01-20,3084.48,3270.71,2989.19,3004.72,-2.6544902686440075
2022-01-21,3000.21,3032.69,2471.8,2571.29,-16.68112114930638
2022-01-22,2570.67,2621.21,2311.8,2412.52,-6.555386069338288
2022-01-23,2412.52,2547.19,2373.85,2540.81,5.049177230883063
2022-01-24,2540.81,2540.81,2161.55,2441.01,-4.088471575290544
2022-01-25,2441.01,2504.32,2352.36,2458.07,0.694040446366456
2022-01-26,2458.07,2719.32,2405.66,2461.41,0.13569458156096265
2022-01-27,2462.25,2515.19,2317.3,2424.66,-1.550320457301236
2022-01-28,2424.66,2556.34,2362.53,2545.95,4.764036999941082
2022-01-29,2545.95,2632.51,2520.14,2600.02,2.0795993876970242
2022-01-30,2600.12,2636.04,2543.99,2602.77,0.10181460520906921
2022-01-31,2602.71,2704.64,2478.85,2686.82,3.130466499430558
2022-02-01,2686.82,2808.6,2676.32,2787.16,3.6000803685471845
2022-02-02,2787.16,2809.57,2618.07,2681.0,-3.959716523685187
2022-02-03,2680.66,2723.97,2579.8,2692.8,0.45083184789068353
2022-02-04,2692.8,2994.99,2671.72,2994.99,10.089850049582791
2022-02-05,2994.74,3058.88,2963.11,3013.81,0.6327538895949036
2022-02-06,3013.75,3073.23,2957.16,3056.2,1.3889797788102816
2022-02-07,3056.29,3185.77,2995.59,3140.18,2.6715029074766377
2022-02-08,3139.65,3228.86,3029.7,3115.88,-0.7628663491533686
2022-02-09,3115.91,3266.41,3055.95,3243.62,3.937267620744725
2022-02-10,3243.73,3277.36,3058.59,3071.83,-5.596012800187514
2022-02-11,3071.8,3136.33,2880.6,2927.63,-4.924461082855418
2022-02-12,2927.64,2984.72,2858.85,2917.1,-0.3613177470775758
2022-02-13,2917.16,2952.94,2838.29,2870.25,-1.6343524083267957
2022-02-14,2871.06,2963.7,2834.13,2929.31,1.9885228944700288
2022-02-15,2929.29,3193.18,2912.61,3182.27,7.9496711466971695
2022-02-16,3182.32,3184.88,3045.92,3118.9,-2.033409214787267
2022-02-17,3122.33,3159.83,2855.66,2894.03,-7.888653538491298
2022-02-18,2893.78,2943.14,2754.15,2779.56,-4.109283483716856
2022-02-19,2779.44,2829.2,2699.7,2763.81,-0.5655236792688393
2022-02-20,2763.97,2764.46,2577.52,2619.32,-5.522425667730542
2022-02-21,2619.32,2755.58,2560.24,2569.87,-1.9242218477977593
2022-02-22,2569.19,2663.01,2501.4,2636.13,2.539328485317494
2022-02-23,2637.38,2749.8,2578.15,2578.15,-2.297383782945136
2022-02-24,2578.54,2732.02,2303.07,2596.52,0.6924652997088417
2022-02-25,2596.52,2830.31,2573.39,2767.53,6.179156142842181
2022-02-26,2767.58,2856.01,2734.56,2776.96,0.33777944226780754
2022-02-27,2779.55,2834.61,2562.94,2616.34,-6.23810361038703
2022-02-28,2616.34,2949.44,2574.12,2922.5,10.475962360992295
2022-03-01,2922.44,3036.59,2858.54,2975.81,1.7934612760895319
2022-03-02,2975.8,3041.84,2914.7,2947.14,-0.9724682234301835
2022-03-03,2947.03,2967.9,2789.87,2834.91,-3.95497564296575
2022-03-04,2834.78,2835.94,2575.63,2622.15,-8.108994527391648
2022-03-05,2622.15,2684.5,2592.07,2665.42,1.6233839319882037
2022-03-06,2665.42,2673.19,2542.19,2549.4,-4.5508747156193605
2022-03-07,2549.4,2645.41,2447.74,2492.53,-2.2816174730093475
2022-03-08,2492.53,2623.99,2483.29,2577.21,3.285723708972099
2022-03-09,2577.21,2772.09,2569.13,2726.94,5.49076987392462
2022-03-10,2726.94,2731.37,2559.9,2606.5,-4.6207558028006925
2022-03-11,2606.5,2670.05,2525.2,2556.96,-1.9374569801639434
2022-03-12,2556.96,2612.33,2555.85,2569.8,0.4996497781928611
2022-03-13,2569.8,2600.65,2494.59,2516.75,-2.10787722260853
2022-03-14,2516.75,2608.68,2500.12,2589.3,2.80191557563821
2022-03-15,2589.54,2667.61,2510.75,2617.43,1.0655490309196376
2022-03-16,2617.43,2787.12,2603.8,2773.94,5.642155201626576
2022-03-17,2773.8,2832.61,2747.06,2812.29,1.3686355247858428
2022-03-18,2812.29,2983.11,2768.65,2939.76,4.336068250469435
2022-03-19,2939.76,2984.0,2895.3,2949.92,0.34441611975917497
2022-03-20,2950.03,2962.19,2819.27,2861.69,-3.0869870600938656
2022-03-21,2861.66,2960.42,2830.38,2891.63,1.03643965514261
2022-03-22,2891.41,3048.32,2887.69,2969.64,2.6343260462547655
2022-03-23,2969.64,3042.28,2925.78,3036.12,2.18963677325007
2022-03-24,3036.18,3126.37,3005.99,3109.25,2.3500844255045483
2022-03-25,3110.8,3192.73,3081.71,3103.51,-0.2348953281929159
2022-03-26,3103.43,3150.09,3085.8,3146.01,1.353460414938299
2022-03-27,3145.95,3297.4,3126.46,3297.04,4.582595297600276
2022-03-28,3295.73,3428.41,3275.32,3329.38,1.0106986886447353
2022-03-29,3329.67,3481.23,3329.67,3401.89,2.1229375435419664
2022-03-30,3401.86,3445.98,3333.5,3385.64,-0.4790822414669089
2022-03-31,3385.6,3444.43,3263.36,3282.35,-3.1456121376452844
2022-04-01,3282.33,3478.74,3215.33,3456.18,5.030119959029909
2022-04-02,3456.18,3529.63,3436.79,3442.34,-0.4020520924719722
2022-04-03,3442.34,3579.82,3414.4,3521.1,2.236800999687591
2022-04-04,3521.16,3544.92,3412.01,3520.41,-0.021304336710780847
2022-04-05,3520.35,3554.54,3400.74,3406.78,-3.3336464344630325
2022-04-06,3406.83,3406.87,3164.24,3169.58,-7.485218861805035
2022-04-07,3169.58,3268.56,3143.96,3228.84,1.8353340518576395
2022-04-08,3228.83,3311.42,3174.14,3193.93,-1.0926977109705
2022-04-09,3193.54,3268.18,3182.1,3259.35,2.019114240569437
2022-04-10,3259.59,3306.14,3198.1,3201.84,-1.8036504010194139
2022-04-11,3201.99,3213.52,2953.66,2978.29,-7.511021425045909
2022-04-12,2978.45,3082.02,2951.8,3027.25,1.6120241142951586
2022-04-13,3027.64,3128.2,2999.66,3116.92,2.864366105001097
2022-04-14,3117.21,3143.18,2980.84,3021.93,-3.1529519214541764
2022-04-15,3021.93,3056.84,2996.62,3042.01,0.660089874786749
2022-04-16,3042.01,3084.84,3011.47,3058.96,0.5541098935585891
2022-04-17,3058.96,3081.14,2983.17,2989.05,-2.3388702095983627
2022-04-18,2989.05,3069.07,2887.25,3055.64,2.1792488643950105
2022-04-19,3055.86,3128.86,3030.32,3102.01,1.4877450427303616
2022-04-20,3101.79,3161.9,3037.67,3076.38,-0.8259707838433435
2022-04-21,3076.06,3176.69,2950.97,2983.95,-3.0868479699726916
2022-04-22,2983.91,3029.14,2937.47,2963.0,-0.7057036787040113
2022-04-23,2963.0,2977.45,2917.84,2931.9,-1.0607455915958903
2022-04-24,2931.9,2966.94,2915.66,2922.03,-0.3377788729068452
2022-04-25,2922.03,3023.23,2800.21,3006.04,2.7947066572633688
2022-04-26,3006.04,3032.7,2768.38,2810.42,-6.960525473060962
2022-04-27,2810.42,2916.39,2795.58,2888.99,2.71963558198539
2022-04-28,2889.01,2977.78,2856.42,2937.01,1.634315170871056
2022-04-29,2937.01,2946.18,2778.33,2816.66,-4.272791178203985
2022-04-30,2817.14,2841.16,2716.31,2727.18,-3.2986454872799027
2022-05-01,2727.2,2847.02,2720.57,2825.8,3.489277372779403
2022-05-02,2825.65,2879.99,2780.08,2856.01,1.0630214880200044
2022-05-03,2856.01,2861.42,2757.36,2781.47,-2.6798779062869786
2022-05-04,2781.47,2963.54,2773.9,2940.7,5.414697180943314
2022-05-05,2940.7,2952.84,2730.95,2747.46,-7.0334053998966235
2022-05-06,2747.6,2757.14,2635.85,2692.88,-2.0320251923591024
2022-05-07,2692.92,2703.11,2589.29,2636.03,-2.1581696718170837
2022-05-08,2636.03,2641.84,2492.59,2519.98,-4.605195279327621
2022-05-09,2519.98,2529.35,2228.9,2229.1,-13.049212686734563
2022-05-10,2229.69,2455.19,2202.02,2342.3,4.807667677069552
2022-05-11,2342.27,2451.33,2007.57,2080.79,-12.566381037971155
2022-05-12,2087.17,2190.51,1796.24,1955.36,-6.740958186727773
2022-05-13,1955.59,2146.22,1941.53,2009.53,2.68420974058611
2022-05-14,2009.55,2068.66,1952.07,2056.3,2.273500948305219
2022-05-15,2056.33,2161.78,2001.74,2145.86,4.172219995712684
2022-05-16,2145.86,2145.86,1979.93,2022.93,-6.076829153752233
2022-05-17,2023.0,2120.03,2008.84,2091.14,3.2585097124056674
2022-05-18,2091.05,2108.84,1909.56,1912.12,-9.357676296466764
2022-05-19,1913.99,2039.71,1903.67,2019.34,5.21705111571107
2022-05-20,2019.36,2061.08,1923.86,1959.85,-3.0364568716993645
2022-05-21,1959.79,1989.44,1940.59,1975.12,0.7761553728381024
2022-05-22,1975.12,2055.15,1966.34,2043.19,3.3315550683000685
2022-05-23,2043.19,2086.21,1959.57,1972.93,-3.561200853552837
2022-05-24,1973.01,1992.6,1914.48,1979.35,0.3203071715462105
2022-05-25,1979.4,2020.64,1937.52,1942.91,-1.8781106690479747
2022-05-26,1942.89,1964.91,1744.12,1793.42,-8.33435558876337
2022-05-27,1793.19,1820.82,1708.62,1724.3,-3.995244447021986
2022-05-28,1724.67,1807.79,1722.88,1792.68,3.7937612959368088
2022-05-29,1792.25,1824.81,1764.72,1813.56,1.1750369439114199
2022-05-30,1813.56,2009.95,1804.33,1998.46,9.252124135584404
2022-05-31,1998.46,2015.02,1928.93,1941.79,-2.918441232059083
2022-06-01,1941.81,1971.22,1770.85,1818.07,-6.806118576292443
2022-06-02,1817.98,1851.25,1784.23,1834.64,0.908080059303192
2022-06-03,1834.66,1843.31,1740.83,1775.29,-3.344242349137331
2022-06-04,1775.28,1815.19,1748.89,1804.37,1.6121970549277542
2022-06-05,1804.6,1829.25,1773.65,1806.71,0.11678686673567573
2022-06-06,1806.11,1919.4,1804.77,1859.99,2.8967897676869288
2022-06-07,1859.99,1870.99,1727.77,1813.72,-2.551110424982907
2022-06-08,1813.05,1837.41,1766.94,1793.0,-1.1182375906302262
2022-06-09,1792.81,1832.7,1778.0,1788.06,-0.26565104079281454
2022-06-10,1788.15,1803.54,1657.3,1663.02,-7.524263087635753
2022-06-11,1663.04,1681.58,1503.15,1531.42,-8.59463765655404
2022-06-12,1531.5,1542.01,1430.93,1435.46,-6.690538224680588
2022-06-13,1434.43,1454.07,1168.68,1206.67,-18.875085980425467
2022-06-14,1206.67,1261.39,1078.11,1210.84,0.3443890191932746
2022-06-15,1208.82,1244.8,1016.99,1237.92,2.3507173322993515
2022-06-16,1237.92,1254.28,1052.65,1068.49,-15.856957014104022
2022-06-17,1068.49,1116.46,1052.17,1086.47,1.6549007335683468
2022-06-18,1086.47,1096.93,883.35,995.61,-9.126063418406808
2022-06-19,995.49,1152.07,938.24,1128.39,11.777842767128394
2022-06-20,1128.39,1165.62,1056.58,1128.32,-0.006203913783338389
2022-06-21,1128.29,1192.27,1110.63,1125.96,-0.20693452698141382
2022-06-22,1125.96,1127.06,1045.37,1049.02,-7.334464547863726
2022-06-23,1049.02,1152.97,1046.57,1144.19,8.317674512100268
2022-06-24,1144.33,1244.82,1132.87,1225.03,6.587593773213721
2022-06-25,1224.96,1255.55,1181.11,1241.76,1.3529184383455704
2022-06-26,1241.8,1276.81,1196.2,1198.03,-3.6534978255970207
2022-06-27,1198.03,1237.14,1176.77,1190.84,-0.6037754862114184
2022-06-28,1191.02,1234.96,1137.57,1143.97,-4.112870092747183
2022-06-29,1143.95,1155.02,1088.1,1099.51,-4.0418004383771
2022-06-30,1099.51,1105.88,1000.77,1069.05,-2.849258687619853
2022-07-01,1069.13,1110.25,1035.79,1058.94,-0.9622830377547409
2022-07-02,1059.05,1077.66,1029.03,1066.6,0.7078567410463112
2022-07-03,1066.6,1086.9,1041.82,1074.08,0.6964099508416522
2022-07-04,1074.07,1159.76,1045.97,1151.19,6.699154787654524
2022-07-05,1151.19,1170.97,1079.36,1133.9,-1.5248258223829227
2022-07-06,1133.87,1202.09,1112.02,1186.45,4.4317080365797255
2022-07-07,1186.48,1252.69,1163.85,1238.15,4.173161571699719
2022-07-08,1238.1,1275.69,1194.15,1216.33,-1.7898103310779134
2022-07-09,1216.26,1232.69,1205.26,1216.94,0.05587785757720706
2022-07-10,1216.94,1219.26,1155.25,1167.35,-4.248083265515925
2022-07-11,1167.35,1170.63,1093.28,1096.43,-6.468265187928079
2022-07-12,1096.41,1097.75,1035.82,1038.56,-5.5702126020644105
2022-07-13,1038.6,1116.51,1012.29,1115.83,6.921305216744489
2022-07-14,1115.8,1210.17,1072.58,1192.75,6.45147767763572
2022-07-15,1192.83,1284.76,1182.22,1231.03,3.103092532269729
2022-07-16,1231.03,1399.16,1192.18,1356.08,9.221432363872335
2022-07-17,1356.0,1385.23,1323.23,1337.85,-1.3566543334454606
2022-07-18,1337.92,1590.95,1336.75,1584.77,15.576392788858945
2022-07-19,1584.33,1620.35,1494.88,1543.5,-2.6452866861030078
2022-07-20,1543.45,1618.43,1488.73,1520.64,-1.500026304713801
2022-07-21,1520.66,1600.35,1465.93,1575.68,3.4918257514216076
2022-07-22,1575.68,1644.99,1520.36,1534.85,-2.660194807310171
2022-07-23,1534.85,1596.02,1490.35,1549.61,0.9524977252340906
2022-07-24,1549.61,1659.93,1547.7,1598.19,3.039688647782814
2022-07-25,1598.19,1608.06,1438.5,1438.52,-11.099602369101582
2022-07-26,1438.76,1451.46,1357.7,1450.7,0.8230509409250744
2022-07-27,1449.65,1643.7,1421.17,1636.01,11.39112841608547
2022-07-28,1635.99,1781.39,1597.67,1726.01,5.215497013342911
2022-07-29,1725.97,1764.74,1658.26,1720.77,-0.3021902985291495
2022-07-30,1720.8,1741.34,1674.42,1695.97,-1.4640589161364839
2022-07-31,1695.99,1752.94,1667.41,1680.0,-0.9517857142857149
2022-08-01,1679.98,1702.81,1607.29,1630.1,-3.0599349733145274
2022-08-02,1630.07,1675.51,1560.17,1631.48,0.08642459607228295
2022-08-03,1631.46,1682.23,1591.6,1618.08,-0.826905962622374
2022-08-04,1618.07,1661.15,1581.18,1606.94,-0.6926207574644904
2022-08-05,1607.0,1740.33,1605.71,1737.71,7.521968567827775
2022-08-06,1737.66,1749.33,1687.74,1690.27,-2.803694084377058
2022-08-07,1690.29,1728.97,1669.39,1700.29,0.5881349652118169
2022-08-08,1700.26,1813.45,1694.69,1778.42,4.394912337917932
2022-08-09,1778.15,1789.55,1668.79,1702.8,-4.425064599483212
2022-08-10,1702.8,1881.39,1657.78,1853.46,8.128581140137909
2022-08-11,1853.5,1931.06,1850.72,1880.28,1.4242559618780168
2022-08-12,1880.3,1961.83,1856.64,1957.63,3.9501846620658734
2022-08-13,1957.62,2018.97,1946.65,1983.5,1.30476430552055
2022-08-14,1983.52,2028.4,1909.19,1935.1,-2.5021962689266743
2022-08-15,1935.1,2012.02,1873.7,1900.25,-1.8339692145770243
2022-08-16,1900.08,1914.06,1856.44,1876.7,-1.2458038045505346
2022-08-17,1876.69,1956.54,1821.0,1834.18,-2.317656936614726
2022-08-18,1834.19,1880.22,1822.04,1846.51,0.6672046184423553
2022-08-19,1846.52,1846.97,1607.6,1609.48,-14.727738151452641
2022-08-20,1609.01,1654.84,1525.51,1575.6,-2.1204620462046258
2022-08-21,1575.61,1644.88,1563.92,1618.25,2.634945156805197
2022-08-22,1618.21,1627.13,1531.91,1626.75,0.5249731058859667
2022-08-23,1626.7,1636.32,1615.55,1623.24,-0.21315393903551144
