Date,Open,High,Low,Close,Percent_Change
2019-01-02,73.26,77.67,73.05,76.96,5.05
2019-01-03,76.0,76.9,74.86,75.01,-1.3
2019-01-04,76.5,79.7,75.92,78.77,2.97
2019-01-07,80.12,81.73,79.46,81.48,1.7
2019-01-08,83.23,83.83,80.83,82.83,-0.49
2019-01-09,82.65,83.39,82.07,82.97,0.39
2019-01-10,82.05,83.16,81.08,82.81,0.93
2019-01-11,82.03,83.01,81.81,82.03,0.0
2019-01-14,80.75,82.41,79.76,80.86,0.14
2019-01-15,81.6,83.76,81.3,83.73,2.61
2019-01-16,84.21,85.25,83.79,84.19,-0.03
2019-01-17,84.0,85.01,83.88,84.66,0.79
2019-01-18,85.6,85.81,84.58,84.81,-0.92
2019-01-22,84.05,84.09,80.51,81.61,-2.9
2019-01-23,82.8,82.87,80.6,82.0,-0.96
2019-01-24,82.05,82.86,81.59,82.75,0.84
2019-01-25,83.53,84.17,83.08,83.53,0.0
2019-01-28,82.18,82.25,80.7,81.89,-0.35
2019-01-29,81.56,81.62,79.54,79.69,-2.29
2019-01-30,81.15,83.85,80.98,83.52,2.92
2019-01-31,84.64,86.82,83.95,85.94,1.53
2019-02-01,81.94,83.65,81.1,81.31,-0.77
2019-02-04,81.15,82.48,80.68,81.67,0.64
2019-02-05,82.17,83.26,82.12,82.94,0.94
2019-02-06,83.54,83.61,81.67,82.01,-1.82
2019-02-07,81.25,81.28,79.65,80.72,-0.65
2019-02-08,79.3,79.43,78.34,79.41,0.14
2019-02-11,80.05,80.46,79.3,79.55,-0.62
2019-02-12,80.2,81.97,79.94,81.9,2.12
2019-02-13,82.35,82.82,81.86,82.0,-0.43
2019-02-14,81.22,81.89,80.3,81.13,-0.11
2019-02-15,81.39,81.45,80.22,80.4,-1.22
2019-02-19,80.05,81.7,80.03,81.38,1.66
2019-02-20,81.5,81.75,80.51,81.11,-0.48
2019-02-21,80.99,81.18,80.05,80.97,-0.03
2019-02-22,81.18,81.75,81.06,81.58,0.5
2019-02-25,82.07,82.73,81.52,81.65,-0.51
2019-02-26,81.3,82.0,80.81,81.82,0.64
2019-02-27,81.41,82.09,80.75,82.05,0.79
2019-02-28,81.76,82.59,81.69,81.99,0.28
2019-03-01,82.76,83.71,82.55,83.59,1.0
2019-03-04,84.25,85.47,83.72,84.81,0.66
2019-03-05,85.15,85.39,84.45,84.62,-0.62
2019-03-06,84.8,84.89,83.41,83.45,-1.59
2019-03-07,83.37,83.49,81.03,81.3,-2.48
2019-03-08,80.2,81.14,79.33,81.04,1.05
2019-03-11,81.31,83.61,81.3,83.53,2.74
2019-03-12,83.45,84.21,83.05,83.65,0.25
2019-03-13,84.15,85.0,83.97,84.54,0.46
2019-03-14,84.56,85.1,84.22,84.31,-0.29
2019-03-15,85.15,85.94,84.66,85.62,0.55
2019-03-18,85.64,87.5,85.63,87.11,1.72
2019-03-19,87.68,89.21,87.68,88.09,0.48
2019-03-20,88.5,89.97,88.35,89.86,1.54
2019-03-21,89.81,91.19,89.36,90.96,1.28
2019-03-22,90.51,90.95,88.16,88.24,-2.51
2019-03-25,87.89,89.13,87.38,88.71,0.94
2019-03-26,89.65,90.29,88.67,89.19,-0.52
2019-03-27,89.21,89.38,87.28,88.29,-1.03
2019-03-28,88.5,88.9,87.67,88.67,0.19
2019-03-29,89.33,89.64,88.83,89.04,-0.33
2019-04-01,90.01,90.78,89.94,90.71,0.78
2019-04-02,90.55,91.0,90.26,90.7,0.16
2019-04-03,91.34,91.5,90.48,91.04,-0.33
2019-04-04,91.03,91.44,90.21,90.94,-0.1
2019-04-05,91.45,91.93,91.26,91.86,0.45
2019-04-08,91.66,92.51,91.26,92.49,0.91
2019-04-09,92.27,92.65,91.59,91.79,-0.52
2019-04-10,92.05,92.4,91.44,92.37,0.34
2019-04-11,92.43,92.5,92.02,92.2,-0.25
2019-04-12,92.42,92.57,92.07,92.15,-0.29
2019-04-15,92.1,92.34,90.94,92.24,0.16
2019-04-16,92.57,93.49,92.4,93.15,0.63
2019-04-17,93.65,93.82,93.02,93.24,-0.44
2019-04-18,93.44,93.54,92.97,93.08,-0.38
2019-04-22,92.77,94.42,92.28,94.37,1.72
2019-04-23,94.56,96.46,94.48,96.19,1.72
2019-04-24,96.25,96.48,94.91,95.09,-1.21
2019-04-25,95.85,96.12,95.02,95.11,-0.77
2019-04-26,96.45,97.55,94.9,97.53,1.12
2019-04-29,97.45,97.82,96.7,96.92,-0.54
2019-04-30,96.5,96.79,95.35,96.33,-0.19
2019-05-01,96.65,97.18,95.53,95.58,-1.12
2019-05-02,95.67,96.08,94.09,95.04,-0.65
2019-05-03,97.45,98.22,96.8,98.12,0.69
2019-05-06,95.9,97.95,95.53,97.53,1.7
2019-05-07,97.0,97.46,95.17,96.05,-0.98
2019-05-08,95.94,96.77,95.5,95.89,-0.06
2019-05-09,95.0,95.47,93.8,94.99,-0.01
2019-05-10,94.9,95.19,92.8,94.5,-0.42
2019-05-13,91.83,92.33,90.9,91.13,-0.76
2019-05-14,91.97,92.62,90.79,92.01,0.03
2019-05-15,91.4,93.72,91.15,93.56,2.36
2019-05-16,94.3,95.88,94.11,95.38,1.15
2019-05-17,94.65,95.53,93.37,93.45,-1.27
2019-05-20,92.63,93.39,91.78,92.95,0.34
2019-05-21,93.74,93.95,92.3,92.88,-0.92
2019-05-22,92.59,93.57,92.55,92.98,0.43
2019-05-23,91.83,92.2,90.21,90.77,-1.15
2019-05-24,91.79,92.09,90.89,91.16,-0.69
2019-05-28,91.64,92.46,91.37,91.82,0.2
2019-05-29,91.16,91.5,90.38,90.96,-0.22
2019-05-30,91.27,91.47,90.39,90.82,-0.5
2019-05-31,89.5,89.78,88.64,88.75,-0.83
2019-06-03,88.0,88.31,83.6,84.63,-3.82
2019-06-04,84.96,86.54,84.04,86.48,1.78
2019-06-05,87.48,87.6,85.76,86.93,-0.63
2019-06-06,86.89,88.0,86.31,87.72,0.96
2019-06-07,88.18,90.31,87.97,90.2,2.29
2019-06-10,91.1,94.24,90.9,93.03,2.12
2019-06-11,94.16,94.68,92.9,93.18,-1.04
2019-06-12,92.7,93.25,92.22,92.77,0.07
2019-06-13,93.34,94.15,93.11,93.51,0.19
2019-06-14,93.2,93.8,92.95,93.48,0.3
2019-06-17,93.82,94.78,93.77,94.3,0.51
2019-06-18,95.07,96.08,94.99,95.07,0.0
2019-06-19,95.39,95.98,94.62,95.44,0.05
2019-06-20,96.67,96.76,95.29,95.91,-0.78
2019-06-21,95.8,96.3,95.38,95.57,-0.25
2019-06-24,95.63,95.84,95.07,95.7,0.06
2019-06-25,95.59,95.82,93.62,93.91,-1.76
2019-06-26,94.62,95.19,94.37,94.89,0.28
2019-06-27,95.1,95.56,94.9,95.21,0.12
2019-06-28,95.46,95.65,94.2,94.68,-0.81
2019-07-01,96.15,96.49,95.73,96.11,-0.04
2019-07-02,95.97,96.74,95.33,96.72,0.78
2019-07-03,96.79,97.08,96.53,96.95,0.16
2019-07-05,96.43,97.29,96.26,97.15,0.74
2019-07-08,96.71,97.8,96.41,97.62,0.94
2019-07-09,97.39,99.5,97.17,99.42,2.08
2019-07-10,99.83,101.25,99.77,100.87,1.05
2019-07-11,101.28,101.79,99.76,100.05,-1.21
2019-07-12,100.41,100.85,100.19,100.55,0.14
2019-07-15,101.07,101.14,100.08,101.05,-0.02
2019-07-16,100.53,101.32,100.06,100.5,-0.03
2019-07-17,100.35,100.6,99.6,99.6,-0.75
2019-07-18,99.0,99.38,97.58,98.89,-0.11
2019-07-19,99.56,99.8,98.11,98.23,-1.34
2019-07-22,98.56,99.45,97.91,99.28,0.74
2019-07-23,99.8,99.89,98.66,99.72,-0.08
2019-07-24,98.46,100.07,98.29,100.04,1.6
2019-07-25,100.05,100.06,98.64,98.69,-1.36
2019-07-26,97.1,97.54,96.23,97.15,0.05
2019-07-29,96.5,96.61,94.53,95.62,-0.91
2019-07-30,94.56,95.49,94.17,94.93,0.39
2019-07-31,94.91,94.98,92.47,93.34,-1.65
2019-08-01,93.59,94.9,92.2,92.77,-0.88
2019-08-02,92.25,92.32,90.4,91.16,-1.18
2019-08-05,88.51,89.43,87.44,88.26,-0.29
2019-08-06,89.61,89.69,87.67,89.39,-0.25
2019-08-07,88.7,89.95,87.85,89.67,1.09
2019-08-08,90.3,91.71,89.91,91.64,1.49
2019-08-09,91.45,91.55,90.11,90.38,-1.17
2019-08-12,89.8,90.05,88.85,89.25,-0.62
2019-08-13,89.15,91.59,89.0,91.22,2.32
2019-08-14,89.65,89.78,87.86,88.15,-1.68
2019-08-15,89.1,89.4,88.1,88.81,-0.33
2019-08-16,89.64,90.15,89.23,89.63,-0.02
2019-08-19,90.9,91.3,90.63,90.81,-0.11
2019-08-20,90.72,90.84,89.99,90.07,-0.72
2019-08-21,90.97,91.48,90.75,91.18,0.23
2019-08-22,91.4,91.47,90.0,90.23,-1.28
2019-08-23,89.65,90.25,87.26,87.48,-2.42
2019-08-26,88.35,88.5,87.18,88.44,0.11
2019-08-27,88.79,88.97,87.33,88.09,-0.78
2019-08-28,87.75,88.39,87.2,88.21,0.53
2019-08-29,89.15,89.93,88.86,89.32,0.19
2019-08-30,89.87,89.99,88.23,88.81,-1.18
2019-09-03,88.5,90.04,88.4,89.49,1.12
2019-09-04,90.25,90.38,89.81,90.03,-0.24
2019-09-05,91.1,92.1,90.78,92.04,1.03
2019-09-06,91.91,92.03,91.32,91.68,-0.26
2019-09-09,92.05,92.5,91.23,91.57,-0.52
2019-09-10,91.14,91.29,90.27,91.03,-0.12
2019-09-11,90.61,91.67,90.45,91.15,0.6
2019-09-12,91.88,92.68,91.71,92.18,0.32
2019-09-13,92.1,92.31,91.76,91.97,-0.14
2019-09-16,91.2,91.28,90.01,90.39,-0.89
2019-09-17,90.35,91.2,90.21,91.13,0.86
2019-09-18,90.85,91.1,89.78,90.87,0.02
2019-09-19,91.05,91.63,90.89,91.07,0.03
2019-09-20,91.09,91.53,89.05,89.71,-1.51
2019-09-23,88.85,89.64,88.37,89.26,0.47
2019-09-24,89.53,89.79,86.78,87.08,-2.74
2019-09-25,87.37,88.65,86.15,88.42,1.2
2019-09-26,88.14,88.17,86.57,86.99,-1.3
2019-09-27,87.4,87.46,85.69,86.27,-1.29
2019-09-30,86.35,86.87,85.46,86.8,0.52
2019-10-01,87.3,87.78,86.42,86.78,-0.59
2019-10-02,86.39,86.44,85.25,85.66,-0.84
2019-10-03,85.65,86.25,84.25,86.22,0.67
2019-10-04,86.3,87.03,85.96,86.98,0.79
2019-10-07,86.58,87.39,86.18,86.63,0.06
2019-10-08,86.12,86.35,85.25,85.28,-0.99
2019-10-09,85.98,86.5,85.72,86.1,0.14
2019-10-10,86.26,86.91,85.69,86.01,-0.29
2019-10-11,87.15,87.27,86.49,86.6,-0.63
2019-10-14,86.45,87.09,86.1,86.82,0.43
2019-10-15,87.11,88.82,87.03,88.37,1.45
2019-10-16,88.67,89.31,88.53,88.87,0.23
2019-10-17,89.82,89.94,89.1,89.37,-0.5
2019-10-18,89.39,89.7,87.46,87.88,-1.69
2019-10-21,88.48,89.29,88.25,89.28,0.9
2019-10-22,89.41,89.49,88.1,88.29,-1.25
2019-10-23,88.07,88.5,87.1,88.11,0.05
2019-10-24,88.55,89.42,88.01,89.04,0.55
2019-10-25,84.88,88.21,84.75,88.07,3.76
2019-10-28,87.4,88.93,87.12,88.85,1.66
2019-10-29,88.74,88.85,87.79,88.14,-0.68
2019-10-30,88.01,89.12,87.96,89.0,1.12
2019-10-31,88.8,89.6,88.57,88.83,0.04
2019-11-01,89.4,89.87,89.26,89.57,0.19
2019-11-04,90.05,90.75,90.05,90.23,0.2
2019-11-05,90.46,90.51,89.7,90.09,-0.41
2019-11-06,90.05,90.12,89.43,89.79,-0.29
2019-11-07,90.19,90.29,89.17,89.41,-0.86
2019-11-08,89.39,89.49,88.7,89.29,-0.11
2019-11-11,88.9,89.0,88.36,88.58,-0.36
2019-11-12,88.73,89.31,88.6,88.9,0.19
2019-11-13,88.67,88.75,87.37,87.66,-1.14
2019-11-14,87.57,88.33,87.48,87.73,0.18
2019-11-15,88.0,88.08,86.64,86.97,-1.17
2019-11-18,86.92,87.68,86.14,87.63,0.82
2019-11-19,87.85,88.03,87.15,87.64,-0.24
2019-11-20,87.46,88.13,86.71,87.28,-0.21
2019-11-21,87.15,87.34,86.52,86.74,-0.48
2019-11-22,86.95,87.32,86.55,87.29,0.39
2019-11-25,87.66,88.87,87.66,88.69,1.17
2019-11-26,89.0,89.85,88.92,89.85,0.96
2019-11-27,90.05,91.22,89.87,90.93,0.97
2019-11-29,90.89,91.23,90.04,90.04,-0.93
2019-12-02,90.22,90.28,88.13,89.08,-1.26
2019-12-03,88.0,88.64,87.36,88.5,0.57
2019-12-04,88.7,89.45,88.01,88.03,-0.75
2019-12-05,88.18,88.18,87.0,87.02,-1.31
2019-12-06,87.56,87.72,87.01,87.58,0.02
2019-12-09,87.53,88.34,87.28,87.48,-0.07
2019-12-10,87.37,87.53,86.75,86.96,-0.47
2019-12-11,87.08,87.5,86.79,87.44,0.4
2019-12-12,87.5,88.2,87.27,88.02,0.59
2019-12-13,88.25,88.45,87.75,88.05,-0.23
2019-12-16,88.35,88.47,87.85,88.46,0.13
2019-12-17,88.9,89.6,88.87,89.53,0.71
2019-12-18,89.75,89.91,89.12,89.2,-0.61
2019-12-19,89.03,89.65,88.7,89.61,0.66
2019-12-20,89.98,90.15,89.12,89.32,-0.73
2019-12-23,89.41,89.65,89.23,89.65,0.27
2019-12-24,89.69,89.78,89.38,89.46,-0.26
2019-12-26,90.05,93.52,89.97,93.44,3.76
2019-12-27,94.15,95.07,93.3,93.49,-0.7
2019-12-30,93.7,94.2,92.03,92.34,-1.45
2019-12-31,92.1,92.66,91.61,92.39,0.32
2020-01-02,93.75,94.9,93.21,94.9,1.23
2020-01-03,93.22,94.31,93.22,93.75,0.56
2020-01-06,93.0,95.18,93.0,95.14,2.31
2020-01-07,95.22,95.69,94.6,95.34,0.12
2020-01-08,94.9,95.55,94.32,94.6,-0.32
2020-01-09,95.49,95.89,94.79,95.05,-0.46
2020-01-10,95.27,95.35,94.0,94.16,-1.17
2020-01-13,94.57,94.9,94.04,94.57,-0.0
2020-01-14,94.29,94.36,92.93,93.47,-0.87
2020-01-15,93.61,93.94,92.75,93.1,-0.55
2020-01-16,94.15,94.28,93.3,93.9,-0.27
2020-01-17,94.29,94.33,92.86,93.24,-1.12
2020-01-21,93.25,94.71,93.0,94.6,1.45
2020-01-22,94.8,95.12,94.17,94.37,-0.46
2020-01-23,94.26,94.5,93.64,94.23,-0.03
2020-01-24,94.57,94.75,92.37,93.08,-1.57
2020-01-27,91.0,92.05,90.77,91.42,0.46
2020-01-28,92.03,92.91,91.5,92.66,0.69
2020-01-29,93.2,93.74,92.75,92.9,-0.32
2020-01-30,92.9,93.64,92.53,93.53,0.68
2020-01-31,102.57,102.79,100.11,100.44,-2.08
2020-02-03,100.53,102.43,100.01,100.21,-0.32
2020-02-04,101.49,102.99,100.77,102.48,0.97
2020-02-05,103.55,103.55,101.6,101.99,-1.5
2020-02-06,102.05,102.82,101.24,102.51,0.45
2020-02-07,102.1,104.93,101.9,103.96,1.83
2020-02-10,104.25,106.78,104.25,106.7,2.35
2020-02-11,107.54,109.3,106.8,107.54,-0.0
2020-02-12,108.16,109.01,107.76,108.0,-0.15
2020-02-13,107.25,108.51,107.1,107.49,0.23
2020-02-14,107.78,107.95,106.29,106.74,-0.97
2020-02-18,106.25,108.3,106.21,107.78,1.44
2020-02-19,108.39,109.25,108.06,108.51,0.11
2020-02-20,108.65,108.84,106.37,107.65,-0.92
2020-02-21,107.11,107.23,104.4,104.8,-2.16
2020-02-24,100.16,101.96,99.4,100.46,0.31
2020-02-25,101.32,101.73,97.92,98.64,-2.65
2020-02-26,98.51,100.73,98.02,98.98,0.47
2020-02-27,96.72,98.75,94.14,94.21,-2.59
2020-02-28,90.73,94.49,90.56,94.19,3.81
2020-03-02,95.32,97.73,93.5,97.7,2.49
2020-03-03,98.77,99.82,94.4,95.45,-3.36
2020-03-04,97.33,98.9,96.1,98.79,1.5
2020-03-05,96.65,98.04,95.5,96.2,-0.46
2020-03-06,93.75,95.54,93.47,95.05,1.39
2020-03-09,88.69,93.14,88.06,90.03,1.51
2020-03-10,93.54,94.71,90.91,94.59,1.12
2020-03-11,92.89,93.57,90.07,91.04,-1.99
2020-03-12,86.1,88.25,83.75,83.83,-2.63
2020-03-13,87.75,89.32,84.03,89.25,1.71
2020-03-16,82.08,87.97,81.3,84.46,2.9
2020-03-17,88.77,92.89,84.46,90.39,1.82
2020-03-18,87.5,92.08,87.25,91.5,4.57
2020-03-19,93.0,97.25,91.63,94.05,1.13
2020-03-20,96.32,97.85,91.04,92.3,-4.16
2020-03-23,91.39,95.97,90.6,95.14,4.11
2020-03-24,97.57,97.75,95.02,97.0,-0.58
2020-03-25,96.03,97.51,94.29,94.29,-1.81
2020-03-26,95.1,97.82,94.46,97.77,2.81
2020-03-27,96.54,96.99,95.0,95.0,-1.59
2020-03-30,96.14,98.68,95.62,98.2,2.14
2020-03-31,98.22,99.65,97.2,97.49,-0.74
2020-04-01,96.65,97.25,94.65,95.39,-1.31
2020-04-02,95.08,96.38,94.5,95.94,0.9
2020-04-03,95.56,96.32,94.46,95.33,-0.24
2020-04-06,96.8,99.93,96.5,99.88,3.18
2020-04-07,100.86,101.79,99.88,100.58,-0.27
2020-04-08,101.05,102.2,100.56,102.15,1.09
2020-04-09,102.21,102.65,100.88,102.14,-0.08
2020-04-13,102.0,109.0,101.9,108.44,6.32
2020-04-14,110.02,114.6,109.31,114.17,3.77
2020-04-15,112.88,116.67,112.25,115.38,2.21
2020-04-16,117.3,123.05,116.75,120.41,2.65
2020-04-17,118.62,120.0,115.8,118.75,0.11
2020-04-20,119.5,122.25,119.3,119.68,0.15
2020-04-21,120.83,121.42,113.98,116.41,-3.66
2020-04-22,118.45,119.7,117.55,118.17,-0.23
2020-04-23,120.0,121.21,119.1,119.97,-0.02
2020-04-24,120.85,121.02,119.1,120.51,-0.28
2020-04-27,122.16,122.24,118.15,118.8,-2.75
2020-04-28,118.61,118.68,115.3,115.7,-2.45
2020-04-29,116.5,119.59,115.5,118.64,1.83
2020-04-30,120.99,123.75,119.8,123.7,2.24
2020-05-01,116.84,118.12,112.91,114.3,-2.17
2020-05-04,112.82,116.35,112.82,115.8,2.64
2020-05-05,117.0,117.55,115.36,115.89,-0.95
2020-05-06,116.47,117.87,116.0,117.56,0.94
2020-05-07,118.74,118.8,117.16,118.38,-0.3
2020-05-08,118.61,119.36,117.85,118.98,0.31
2020-05-11,118.74,120.98,118.61,120.45,1.44
2020-05-12,120.59,120.95,117.75,117.85,-2.28
2020-05-13,118.34,120.39,116.89,118.4,0.05
2020-05-14,118.05,119.57,117.66,119.44,1.18
2020-05-15,118.43,120.55,117.82,120.49,1.74
2020-05-18,120.22,121.65,119.2,121.31,0.91
2020-05-19,121.49,124.25,121.45,122.47,0.8
2020-05-20,123.89,125.0,123.36,124.9,0.81
2020-05-21,125.0,126.27,122.13,122.34,-2.13
2020-05-22,122.75,123.49,121.51,121.84,-0.74
2020-05-26,122.9,123.1,120.7,121.09,-1.47
2020-05-27,120.25,120.68,116.5,120.52,0.22
2020-05-28,119.22,121.85,118.91,120.06,0.7
2020-05-29,120.8,122.12,119.91,122.12,1.09
2020-06-01,122.4,123.85,122.21,123.55,0.94
2020-06-02,123.35,123.68,122.27,123.62,0.22
2020-06-03,123.4,124.4,123.06,123.92,0.42
2020-06-04,123.87,125.38,122.5,123.03,-0.68
2020-06-05,122.23,124.43,121.86,124.15,1.57
2020-06-08,125.01,126.5,124.37,126.2,0.95
2020-06-09,126.47,131.32,126.25,130.04,2.82
2020-06-10,132.25,136.12,131.31,132.37,0.09
2020-06-11,130.18,133.57,126.81,127.9,-1.75
2020-06-12,130.06,131.07,125.17,127.25,-2.16
2020-06-15,126.33,129.2,125.4,128.63,1.82
2020-06-16,131.0,131.0,128.8,130.76,-0.18
2020-06-17,132.38,132.75,131.59,132.05,-0.25
2020-06-18,132.35,132.98,131.81,132.7,0.26
2020-06-19,133.9,134.87,132.95,133.75,-0.11
2020-06-22,134.23,135.75,133.45,135.69,1.09
2020-06-23,136.3,139.16,135.9,138.22,1.41
2020-06-24,139.0,139.8,136.05,136.72,-1.64
2020-06-25,136.98,137.81,135.61,137.73,0.55
2020-06-26,138.75,139.13,134.4,134.64,-2.96
2020-06-29,134.5,134.84,131.5,134.02,-0.36
2020-06-30,134.25,138.48,133.75,137.94,2.75
2020-07-01,137.9,144.75,137.7,143.93,4.38
2020-07-02,145.6,147.78,143.55,144.51,-0.75
2020-07-06,146.75,152.99,146.5,152.85,4.16
2020-07-07,152.93,153.48,149.5,150.01,-1.91
2020-07-08,151.13,154.2,150.62,154.06,1.94
2020-07-09,155.8,159.69,153.7,159.13,2.14
2020-07-10,159.59,160.75,156.79,160.0,0.26
2020-07-13,162.55,167.21,153.42,155.2,-4.52
2020-07-14,154.45,156.37,147.5,154.2,-0.16
2020-07-15,154.01,154.92,148.66,150.44,-2.32
2020-07-16,148.55,151.6,145.91,149.99,0.97
2020-07-17,150.45,151.2,147.42,148.1,-1.56
2020-07-20,150.01,160.07,149.7,159.84,6.55
2020-07-21,161.62,162.03,155.29,156.91,-2.91
2020-07-22,156.25,157.5,153.26,155.0,-0.8
2020-07-23,154.91,154.91,148.5,149.33,-3.61
2020-07-24,146.5,151.58,144.4,150.45,2.69
2020-07-27,153.1,154.9,150.79,152.76,-0.22
2020-07-28,152.71,153.85,149.79,150.02,-1.77
2020-07-29,151.55,151.96,149.84,151.68,0.08
2020-07-30,150.7,154.6,150.25,152.59,1.26
2020-07-31,162.2,162.34,157.55,158.23,-2.45
2020-08-03,159.03,159.2,155.2,155.59,-2.16
2020-08-04,155.06,158.36,155.06,156.94,1.21
2020-08-05,157.19,160.68,156.37,160.25,1.95
2020-08-06,159.72,162.37,158.27,161.25,0.96
2020-08-07,161.2,162.04,157.03,158.37,-1.75
2020-08-10,158.52,158.63,155.08,157.41,-0.7
2020-08-11,155.66,157.96,153.65,154.03,-1.04
2020-08-12,155.4,158.72,155.07,158.11,1.75
2020-08-13,159.15,160.88,157.75,158.05,-0.69
2020-08-14,158.91,158.91,156.0,157.4,-0.95
2020-08-17,158.66,159.75,157.71,159.12,0.29
2020-08-18,160.6,166.0,160.29,165.62,3.13
2020-08-19,165.15,165.79,162.8,163.02,-1.29
2020-08-20,162.6,165.63,161.9,164.87,1.4
2020-08-21,164.75,165.72,163.77,164.24,-0.31
2020-08-24,165.51,169.02,162.88,165.37,-0.08
2020-08-25,164.75,167.87,163.35,167.32,1.56
2020-08-26,167.56,172.59,167.23,172.09,2.71
2020-08-27,172.5,172.65,168.9,170.0,-1.45
2020-08-28,171.15,171.67,169.32,170.09,-0.62
2020-08-31,170.45,174.75,170.25,172.55,1.23
2020-09-01,174.48,175.69,173.35,174.96,0.27
2020-09-02,177.35,177.61,174.33,176.57,-0.44
2020-09-03,174.25,174.42,165.15,168.4,-3.36
2020-09-04,165.9,169.07,155.56,164.73,-0.7
2020-09-08,157.2,162.54,156.5,157.49,0.19
2020-09-09,160.15,165.16,159.25,163.43,2.05
2020-09-10,165.36,167.49,158.53,158.76,-3.99
2020-09-11,160.43,160.87,154.2,155.81,-2.88
2020-09-14,158.65,159.37,154.8,155.15,-2.21
2020-09-15,156.81,158.75,155.45,157.81,0.64
2020-09-16,159.0,159.36,153.71,153.9,-3.2
2020-09-17,150.46,151.47,148.63,150.44,-0.02
2020-09-18,151.59,151.89,145.28,147.75,-2.53
2020-09-21,145.32,148.1,143.55,148.02,1.86
2020-09-22,151.69,156.7,150.01,156.45,3.14
2020-09-23,156.02,156.35,149.62,149.99,-3.86
2020-09-24,148.89,153.46,148.25,150.99,1.41
2020-09-25,152.74,155.08,149.95,154.76,1.32
2020-09-28,157.44,158.75,155.86,158.7,0.8
2020-09-29,158.77,159.41,156.63,157.24,-0.96
2020-09-30,157.06,160.64,156.7,157.44,0.24
2020-10-01,160.4,161.2,158.6,161.06,0.41
2020-10-02,157.68,159.79,156.15,156.25,-0.91
2020-10-05,157.29,160.13,157.04,159.96,1.7
2020-10-06,158.25,159.1,154.5,155.0,-2.05
2020-10-07,156.75,160.0,156.62,159.78,1.94
2020-10-08,161.25,161.66,158.75,159.53,-1.07
2020-10-09,160.5,164.45,159.89,164.33,2.39
2020-10-12,167.5,174.81,166.98,172.15,2.78
2020-10-13,173.4,174.62,171.21,172.18,-0.7
2020-10-14,172.35,173.24,167.0,168.19,-2.42
2020-10-15,164.6,167.79,164.0,166.93,1.42
2020-10-16,168.16,169.98,158.0,163.64,-2.69
2020-10-19,164.98,166.45,159.64,160.36,-2.8
2020-10-20,161.11,163.3,159.6,160.85,-0.16
2020-10-21,160.62,161.69,158.0,159.25,-0.86
2020-10-22,159.49,159.94,156.1,158.82,-0.42
2020-10-23,159.55,160.27,157.0,160.22,0.42
2020-10-26,159.94,164.15,157.66,160.35,0.26
2020-10-27,161.25,164.58,160.57,164.32,1.9
2020-10-28,162.46,163.2,158.12,158.14,-2.66
2020-10-29,160.06,162.86,158.2,160.55,0.3
2020-10-30,157.89,158.35,150.95,151.81,-3.85
2020-11-02,153.09,153.99,147.51,150.22,-1.87
2020-11-03,150.93,153.74,149.05,152.42,0.99
2020-11-04,158.0,162.24,156.99,162.06,2.57
2020-11-05,166.0,168.34,164.44,166.1,0.06
2020-11-06,165.23,166.1,161.6,165.57,0.2
2020-11-09,161.55,164.45,155.61,157.19,-2.7
2020-11-10,154.75,155.7,150.97,151.75,-1.94
2020-11-11,153.09,156.96,152.5,156.87,2.47
2020-11-12,158.0,158.79,154.3,155.51,-1.57
2020-11-13,156.1,157.09,154.27,156.44,0.22
2020-11-16,154.66,157.13,153.63,156.55,1.22
2020-11-17,159.18,159.46,156.76,156.78,-1.5
2020-11-18,156.7,157.0,155.26,155.27,-0.91
2020-11-19,155.27,156.25,154.05,155.85,0.38
2020-11-20,155.85,156.64,154.9,154.97,-0.57
2020-11-23,155.84,156.99,153.27,154.92,-0.59
2020-11-24,155.02,156.71,154.31,155.9,0.57
2020-11-25,157.09,159.9,157.01,159.25,1.37
2020-11-27,160.56,160.81,159.5,159.77,-0.5
2020-11-30,160.42,161.42,156.28,158.4,-1.26
2020-12-01,159.43,162.45,157.86,161.0,0.99
2020-12-02,161.08,161.6,158.66,160.18,-0.56
2020-12-03,160.27,161.43,159.07,159.34,-0.58
2020-12-04,159.91,159.91,157.94,158.13,-1.11
2020-12-07,157.82,159.04,157.08,157.9,0.05
2020-12-08,157.95,159.21,156.0,158.86,0.58
2020-12-09,158.39,158.72,154.4,155.21,-2.01
2020-12-10,154.45,157.1,153.8,155.07,0.4
2020-12-11,154.83,155.93,153.64,155.82,0.64
2020-12-14,157.15,159.52,156.3,157.85,0.44
2020-12-15,159.05,159.43,156.52,158.26,-0.5
2020-12-16,158.8,162.35,158.18,162.05,2.05
2020-12-17,162.5,163.18,161.05,161.8,-0.43
2020-12-18,162.2,162.47,158.58,160.08,-1.31
2020-12-21,160.0,161.35,158.3,160.31,0.19
2020-12-22,160.14,161.1,159.0,160.33,0.11
2020-12-23,160.25,160.51,159.21,159.26,-0.62
2020-12-24,159.7,160.1,158.45,158.63,-0.66
2020-12-28,159.7,165.2,158.63,164.2,2.82
2020-12-29,165.5,167.53,164.06,166.1,0.36
2020-12-30,167.05,167.1,164.12,164.29,-1.65
2020-12-31,163.75,164.15,162.06,162.85,-0.55
2021-01-04,163.5,163.6,157.2,159.33,-2.55
2021-01-05,158.3,161.17,158.25,160.93,1.66
2021-01-06,157.32,159.88,156.56,156.92,-0.26
2021-01-07,157.85,160.43,157.75,158.11,0.16
2021-01-08,159.0,159.53,157.11,159.13,0.08
2021-01-11,157.4,157.82,155.5,155.71,-1.07
2021-01-12,156.0,157.11,154.3,156.04,0.03
2021-01-13,156.42,159.5,156.1,158.29,1.2
2021-01-14,158.38,158.9,156.03,156.37,-1.26
2021-01-15,156.15,157.13,154.76,155.21,-0.6
2021-01-19,155.35,157.25,154.8,156.04,0.44
2021-01-20,159.1,163.99,158.75,163.17,2.56
2021-01-21,164.65,167.43,164.48,165.35,0.42
2021-01-22,165.22,166.1,164.16,164.61,-0.37
2021-01-25,166.43,168.19,162.16,164.7,-1.04
2021-01-26,164.82,166.9,164.14,166.31,0.9
2021-01-27,167.07,167.33,160.35,161.63,-3.26
2021-01-28,161.75,165.08,161.43,161.88,0.08
2021-01-29,161.5,161.85,159.23,160.31,-0.74
2021-02-01,162.12,167.51,161.75,167.14,3.1
2021-02-02,169.0,171.39,168.06,169.0,0.0
2021-02-03,171.25,171.7,165.43,165.63,-3.28
2021-02-04,166.5,167.35,163.89,166.55,0.03
2021-02-05,165.95,168.85,165.14,167.61,1.0
2021-02-08,167.93,168.25,165.2,166.15,-1.06
2021-02-09,165.62,166.9,164.89,165.25,-0.23
2021-02-10,165.7,165.9,162.7,164.33,-0.83
2021-02-11,164.6,164.6,162.4,163.11,-0.91
2021-02-12,162.5,164.01,161.67,163.89,0.85
2021-02-16,162.7,165.41,162.68,163.45,0.46
2021-02-17,163.18,166.05,162.98,165.43,1.38
2021-02-18,164.12,166.9,163.7,166.41,1.4
2021-02-19,166.41,166.68,162.29,162.49,-2.35
2021-02-22,160.41,161.62,158.61,159.04,-0.85
2021-02-23,156.35,160.24,154.68,159.73,2.16
2021-02-24,158.34,158.56,156.27,157.98,-0.23
2021-02-25,156.84,158.91,152.39,152.86,-2.54
2021-02-26,154.76,156.12,151.84,154.65,-0.07
2021-03-01,156.39,157.48,154.9,157.31,0.58
2021-03-02,157.17,158.18,154.36,154.73,-1.56
2021-03-03,154.06,155.39,149.75,150.25,-2.47
2021-03-04,150.6,152.91,147.27,148.88,-1.14
2021-03-05,150.25,150.45,144.05,150.02,-0.15
2021-03-08,150.75,153.23,147.57,147.6,-2.09
2021-03-09,150.9,154.55,150.26,153.14,1.49
2021-03-10,154.92,155.82,151.5,152.88,-1.32
2021-03-11,155.2,156.59,154.15,155.68,0.31
2021-03-12,153.75,154.95,152.27,154.47,0.47
2021-03-15,153.73,154.11,151.6,154.08,0.23
2021-03-16,155.25,156.45,153.79,154.59,-0.42
2021-03-17,153.66,158.65,153.51,156.79,2.03
2021-03-18,155.05,155.83,151.25,151.4,-2.35
2021-03-19,151.46,153.86,150.83,153.75,1.51
2021-03-22,153.39,156.33,153.0,155.54,1.4
2021-03-23,156.35,159.1,156.04,156.88,0.34
2021-03-24,157.55,158.02,154.26,154.35,-2.03
2021-03-25,153.65,155.49,151.86,152.31,-0.87
2021-03-26,152.2,152.83,149.8,152.6,0.26
2021-03-29,152.77,154.56,151.42,153.79,0.66
2021-03-30,153.5,153.65,151.7,152.76,-0.48
2021-03-31,153.2,155.97,153.12,154.7,0.98
2021-04-01,155.9,158.12,155.78,158.05,1.38
2021-04-05,158.65,161.8,158.06,161.34,1.69
2021-04-06,161.19,162.37,160.85,161.19,0.0
2021-04-07,161.69,165.18,161.18,163.97,1.41
2021-04-08,165.54,166.23,164.6,164.96,-0.35
2021-04-09,165.24,168.61,164.45,168.61,2.04
2021-04-12,167.76,169.75,167.56,168.97,0.72
2021-04-13,170.04,171.6,169.78,170.0,-0.02
2021-04-14,170.2,170.21,166.3,166.65,-2.09
2021-04-15,168.55,169.85,167.6,168.95,0.24
2021-04-16,169.0,170.34,167.78,169.97,0.58
2021-04-19,169.52,171.8,168.01,168.6,-0.54
2021-04-20,168.68,169.15,165.8,166.73,-1.15
2021-04-21,165.8,168.14,165.19,168.1,1.39
2021-04-22,168.58,168.64,165.07,165.45,-1.86
2021-04-23,165.96,168.75,165.43,167.04,0.66
2021-04-26,167.4,171.42,166.55,170.45,1.82
2021-04-27,172.17,173.0,169.9,170.87,-0.76
2021-04-28,171.74,174.49,171.25,172.93,0.69
2021-04-29,175.26,175.72,171.75,173.57,-0.96
2021-04-30,176.26,177.7,173.12,173.37,-1.64
2021-05-03,174.24,174.33,168.63,169.32,-2.82
2021-05-04,167.81,168.4,163.61,165.59,-1.32
2021-05-05,166.94,167.74,163.22,163.53,-2.05
2021-05-06,163.5,165.72,162.36,165.32,1.11
2021-05-07,165.95,166.54,164.45,164.58,-0.83
2021-05-10,164.12,164.15,159.5,159.52,-2.8
2021-05-11,156.81,161.9,156.37,161.2,2.79
2021-05-12,159.25,160.4,156.65,157.6,-1.04
2021-05-13,159.27,160.19,156.65,158.07,-0.75
2021-05-14,159.28,161.44,159.15,161.15,1.17
2021-05-17,162.3,164.64,161.73,163.52,0.75
2021-05-18,164.63,165.6,161.52,161.61,-1.83
2021-05-19,159.75,161.74,159.2,161.59,1.15
2021-05-20,162.22,162.98,161.81,162.38,0.1
2021-05-21,162.5,162.83,159.85,160.15,-1.44
2021-05-24,160.77,162.9,160.52,162.25,0.92
2021-05-25,163.33,163.99,160.69,162.95,-0.23
2021-05-26,163.73,164.79,162.93,163.26,-0.29
2021-05-27,162.8,163.02,161.5,161.51,-0.8
2021-05-28,162.1,162.4,160.99,161.15,-0.58
2021-06-01,162.18,162.55,160.45,160.93,-0.77
2021-06-02,161.15,161.75,160.4,161.7,0.34
2021-06-03,160.21,160.72,159.2,159.35,-0.54
2021-06-04,160.6,161.05,159.94,160.31,-0.18
2021-06-07,159.87,160.4,158.61,159.9,0.02
2021-06-08,161.13,163.98,160.9,163.21,1.29
2021-06-09,163.64,164.88,163.54,164.06,0.25
2021-06-10,164.1,167.55,164.06,167.48,2.06
2021-06-11,167.48,168.33,166.67,167.34,-0.08
2021-06-14,167.34,169.25,166.77,169.19,1.11
2021-06-15,169.2,169.85,168.16,169.16,-0.03
2021-06-16,169.6,171.32,168.03,170.76,0.69
2021-06-17,170.16,174.86,170.05,174.46,2.53
2021-06-18,174.0,175.35,173.69,174.35,0.2
2021-06-21,173.82,174.1,171.7,172.7,-0.65
2021-06-22,172.9,176.19,172.8,175.27,1.37
2021-06-23,175.25,176.05,174.16,175.19,-0.03
2021-06-24,175.38,176.24,171.54,172.45,-1.67
2021-06-25,173.2,173.24,169.71,170.07,-1.81
2021-06-28,170.8,172.4,170.68,172.19,0.82
2021-06-29,171.94,172.8,171.15,172.41,0.27
2021-06-30,172.05,173.58,171.75,172.01,-0.03
2021-07-01,171.73,172.85,170.47,171.65,-0.05
2021-07-02,172.58,175.59,171.85,175.55,1.72
2021-07-06,176.51,184.27,176.45,183.79,4.13
2021-07-07,185.87,186.71,183.95,184.83,-0.56
2021-07-08,182.18,188.0,181.06,186.57,2.41
2021-07-09,186.13,187.4,184.67,185.97,-0.09
2021-07-12,187.2,187.86,184.84,185.93,-0.68
2021-07-13,185.1,188.65,183.57,183.87,-0.67
2021-07-14,185.44,185.88,183.04,184.08,-0.73
2021-07-15,184.71,184.77,181.05,181.56,-1.71
2021-07-16,181.67,182.3,178.52,178.68,-1.64
2021-07-19,176.63,177.51,174.96,177.48,0.48
2021-07-20,178.37,179.6,175.9,178.66,0.16
2021-07-21,178.82,179.32,177.18,179.26,0.25
2021-07-22,179.36,182.0,179.11,181.9,1.42
2021-07-23,182.0,183.31,181.1,182.83,0.46
2021-07-26,183.66,185.6,182.36,184.99,0.73
2021-07-27,184.93,184.93,179.31,181.32,-1.95
2021-07-28,181.69,182.92,180.05,181.52,-0.1
2021-07-29,181.39,181.9,179.0,180.0,-0.77
2021-07-30,167.4,168.41,165.35,166.38,-0.61
2021-08-02,167.65,167.95,165.85,166.57,-0.64
2021-08-03,167.04,169.55,164.99,168.31,0.76
2021-08-04,168.97,169.44,167.28,167.74,-0.73
2021-08-05,167.81,169.45,167.05,168.8,0.59
2021-08-06,168.75,168.75,166.45,167.25,-0.89
2021-08-09,167.18,167.74,166.43,167.09,-0.05
2021-08-10,167.25,167.9,165.75,166.03,-0.73
2021-08-11,166.57,166.88,163.89,164.61,-1.18
2021-08-12,164.5,165.73,163.48,165.18,0.41
2021-08-13,165.28,165.3,164.15,164.7,-0.35
2021-08-16,164.15,165.0,160.56,164.95,0.49
2021-08-17,163.88,164.02,161.28,162.1,-1.08
2021-08-18,162.1,162.71,160.0,160.06,-1.26
2021-08-19,159.7,161.65,159.12,159.39,-0.2
2021-08-20,160.19,160.39,158.79,160.0,-0.12
2021-08-23,160.6,164.04,160.5,163.29,1.68
2021-08-24,164.0,165.77,163.73,165.29,0.79
2021-08-25,165.49,166.05,164.31,164.96,-0.32
2021-08-26,164.95,166.6,164.8,165.8,0.52
2021-08-27,166.66,167.62,165.69,167.48,0.49
2021-08-30,167.87,172.25,167.76,171.08,1.91
2021-08-31,171.24,173.63,169.78,173.54,1.34
2021-09-01,174.82,176.35,173.76,173.95,-0.5
2021-09-02,174.74,175.6,172.75,173.16,-0.91
2021-09-03,172.6,174.13,171.82,173.9,0.75
2021-09-07,173.9,176.4,173.85,175.46,0.9
2021-09-08,175.58,177.28,174.78,176.27,0.39
2021-09-09,176.3,177.5,174.02,174.21,-1.19
2021-09-10,175.09,175.42,173.15,173.46,-0.93
2021-09-13,174.14,174.9,171.9,172.86,-0.74
2021-09-14,173.78,174.34,171.89,172.5,-0.74
2021-09-15,172.13,174.27,170.1,173.79,0.97
2021-09-16,173.0,174.63,172.31,174.41,0.82
2021-09-17,174.42,174.87,172.61,173.13,-0.74
2021-09-20,169.8,170.95,165.25,167.79,-1.19
2021-09-21,168.75,168.99,166.62,167.18,-0.93
2021-09-22,167.55,169.45,167.05,169.0,0.87
2021-09-23,169.0,171.45,169.0,170.8,1.06
2021-09-24,170.1,171.46,169.67,171.28,0.69
2021-09-27,168.57,170.78,166.98,170.29,1.02
2021-09-28,167.89,168.46,164.51,165.8,-1.24
2021-09-29,166.11,167.57,164.89,165.06,-0.63
2021-09-30,165.8,166.39,163.7,164.25,-0.93
2021-10-01,164.45,165.46,162.8,164.16,-0.17
2021-10-04,163.97,164.0,158.81,159.49,-2.73
2021-10-05,160.23,163.04,160.12,161.05,0.51
2021-10-06,160.68,163.22,159.93,163.1,1.51
2021-10-07,164.58,166.29,164.15,165.12,0.33
2021-10-08,165.85,166.07,164.41,164.43,-0.86
2021-10-11,163.75,164.63,161.9,162.32,-0.88
2021-10-12,162.85,163.38,161.81,162.37,-0.3
2021-10-13,163.49,164.42,163.05,164.21,0.45
2021-10-14,165.12,165.63,164.54,164.99,-0.08
2021-10-15,165.57,170.52,165.2,170.45,2.95
2021-10-18,169.42,172.46,169.26,172.34,1.72
2021-10-19,171.71,172.73,171.1,172.21,0.29
2021-10-20,172.63,173.14,170.02,170.75,-1.09
2021-10-21,170.71,172.01,170.15,171.75,0.61
2021-10-22,171.05,171.49,166.57,166.78,-2.5
2021-10-25,166.75,167.39,164.88,166.02,-0.44
2021-10-26,167.48,170.81,167.2,168.8,0.79
2021-10-27,169.4,171.85,168.57,169.62,0.13
2021-10-28,170.1,173.95,169.3,172.33,1.31
2021-10-29,165.0,168.74,163.67,168.62,2.19
2021-11-01,168.09,168.79,164.6,165.91,-1.3
2021-11-02,165.75,166.56,164.18,165.64,-0.07
2021-11-03,165.45,169.75,164.88,169.2,2.27
2021-11-04,168.5,174.93,168.25,173.85,3.18
2021-11-05,173.85,178.31,173.85,175.95,1.21
2021-11-08,176.16,178.95,174.39,174.45,-0.97
2021-11-09,175.76,179.69,175.07,178.81,1.73
2021-11-10,178.19,180.27,173.15,174.1,-2.3
2021-11-11,175.65,177.16,173.37,173.62,-1.15
2021-11-12,174.25,177.04,172.35,176.26,1.15
2021-11-15,176.85,179.69,176.29,177.28,0.25
2021-11-16,176.95,178.82,176.26,177.04,0.05
2021-11-17,178.24,179.36,177.27,177.45,-0.44
2021-11-18,178.32,185.21,178.05,184.8,3.64
2021-11-19,185.63,188.11,183.79,183.83,-0.97
2021-11-22,183.82,185.67,178.38,178.63,-2.82
2021-11-23,179.25,181.05,176.39,179.0,-0.14
2021-11-24,178.13,180.68,176.84,179.02,0.5
2021-11-26,180.1,181.68,175.21,175.23,-2.71
2021-11-29,177.38,179.8,176.57,178.08,0.39
2021-11-30,178.18,179.29,174.6,175.35,-1.58
2021-12-01,177.25,177.99,172.08,172.19,-2.86
2021-12-02,173.0,174.63,171.19,171.87,-0.65
2021-12-03,172.75,173.49,166.93,169.49,-1.89
2021-12-06,169.65,173.7,166.93,171.37,1.01
2021-12-07,174.6,177.5,173.33,176.16,0.9
2021-12-08,176.15,177.18,174.75,176.16,0.0
2021-12-09,175.75,176.97,174.14,174.17,-0.9
2021-12-10,175.42,175.93,170.5,172.21,-1.83
2021-12-13,172.0,172.1,169.13,169.57,-1.41
2021-12-14,167.55,169.5,166.44,169.09,0.92
2021-12-15,168.6,173.6,165.2,173.32,2.8
2021-12-16,173.37,174.17,168.16,168.87,-2.59
2021-12-17,167.71,170.9,165.61,170.02,1.38
2021-12-20,166.85,167.87,165.6,167.08,0.14
2021-12-21,167.85,170.72,165.65,170.42,1.53
2021-12-22,169.27,172.05,168.5,171.04,1.04
2021-12-23,170.43,171.98,170.15,171.07,0.38
2021-12-27,171.04,172.94,169.22,169.67,-0.8
2021-12-28,170.18,172.18,169.14,170.66,0.28
2021-12-29,170.84,171.21,168.6,169.2,-0.96
2021-12-30,169.7,170.89,168.52,168.64,-0.62
2021-12-31,168.96,169.35,166.56,166.72,-1.33
2022-01-03,167.55,170.7,166.16,170.4,1.7
2022-01-04,170.44,171.4,166.35,167.52,-1.71
2022-01-05,166.88,167.13,164.36,164.36,-1.51
2022-01-06,163.45,164.8,161.94,163.25,-0.12
2022-01-07,163.84,165.24,162.03,162.55,-0.78
2022-01-10,160.59,161.66,156.3,161.49,0.56
2022-01-11,161.5,166.35,160.7,165.36,2.39
2022-01-12,166.57,166.88,164.42,165.21,-0.82
2022-01-13,165.25,166.22,161.09,161.21,-2.44
2022-01-14,160.15,162.25,159.8,162.14,1.24
2022-01-18,159.1,159.73,157.66,158.92,-0.12
2022-01-19,158.76,159.25,156.25,156.3,-1.55
2022-01-20,156.77,158.0,151.35,151.67,-3.25
2022-01-21,149.95,150.9,142.07,142.64,-4.87
2022-01-24,139.0,144.95,135.35,144.54,3.99
2022-01-25,142.24,143.6,138.15,139.99,-1.59
2022-01-26,144.75,145.18,137.32,138.87,-4.06
2022-01-27,140.8,144.24,139.35,139.64,-0.83
2022-01-28,140.86,144.0,137.93,143.98,2.21
2022-01-31,144.75,150.36,144.3,149.57,3.33
2022-02-01,150.0,151.71,147.63,151.19,0.8
2022-02-02,155.05,155.07,148.86,150.61,-2.86
2022-02-03,141.74,144.25,138.33,138.85,-2.04
2022-02-04,155.61,161.2,150.61,157.64,1.31
2022-02-07,158.52,162.69,157.25,157.94,-0.37
2022-02-08,156.75,161.79,155.55,161.41,2.97
2022-02-09,162.87,163.83,160.25,161.19,-1.03
2022-02-10,158.35,160.72,157.75,159.0,0.41
2022-02-11,158.13,159.0,152.73,153.29,-3.06
2022-02-14,151.75,158.45,151.65,155.17,2.25
2022-02-15,157.61,158.01,154.64,156.51,-0.69
2022-02-16,155.79,158.83,154.73,158.1,1.48
2022-02-17,158.15,160.35,154.5,154.65,-2.21
2022-02-18,155.5,155.5,150.89,152.6,-1.86
2022-02-22,150.48,152.98,148.49,150.2,-0.19
2022-02-23,151.65,151.76,144.65,144.83,-4.5
2022-02-24,139.84,151.75,139.5,151.36,8.24
2022-02-25,150.55,153.99,149.21,153.79,2.15
2022-02-28,152.43,154.45,150.85,153.56,0.75
2022-03-01,152.73,154.1,149.98,151.14,-1.04
2022-03-02,150.85,153.0,148.75,152.05,0.8
2022-03-03,153.53,153.93,146.86,147.9,-3.67
2022-03-04,147.16,147.85,143.81,145.64,-1.03
2022-03-07,145.44,146.09,137.42,137.45,-5.49
2022-03-08,136.68,140.7,133.57,136.01,-0.49
2022-03-09,139.5,140.25,136.83,139.28,-0.16
2022-03-10,145.68,148.67,143.98,146.82,0.78
2022-03-11,149.57,149.68,145.37,145.52,-2.71
2022-03-14,145.98,147.45,140.88,141.85,-2.83
2022-03-15,142.85,147.99,142.0,147.37,3.16
2022-03-16,148.5,153.15,147.35,153.1,3.1
2022-03-17,152.64,157.5,152.14,157.24,3.01
2022-03-18,156.81,161.59,156.01,161.25,2.83
2022-03-21,161.12,163.08,159.55,161.49,0.23
2022-03-22,161.81,166.17,161.7,164.89,1.91
2022-03-23,163.71,166.37,162.69,163.41,-0.18
2022-03-24,163.75,164.12,160.05,163.65,-0.06
2022-03-25,164.0,165.37,162.25,164.77,0.47
2022-03-28,164.98,169.04,164.9,168.99,2.43
2022-03-29,170.38,170.83,167.87,169.32,-0.63
2022-03-30,168.51,168.95,165.5,166.3,-1.31
2022-03-31,166.45,166.49,162.95,163.0,-2.07
2022-04-01,164.15,165.83,162.32,163.56,-0.36
2022-04-04,164.12,168.39,163.21,168.35,2.57
2022-04-05,167.74,168.11,163.27,164.05,-2.2
2022-04-06,161.65,162.2,157.25,158.76,-1.79
2022-04-07,158.4,160.08,154.51,157.78,-0.39
2022-04-08,156.75,157.37,154.23,154.46,-1.46
2022-04-11,152.71,154.14,150.53,151.12,-1.04
2022-04-12,153.69,155.1,150.38,150.79,-1.89
2022-04-13,150.02,156.02,149.6,155.54,3.68
2022-04-14,155.39,155.9,151.47,151.71,-2.37
2022-04-18,151.52,154.04,150.25,152.79,0.83
2022-04-19,152.03,158.65,151.55,158.12,4.0
2022-04-20,157.6,157.6,153.6,154.0,-2.29
2022-04-21,154.71,156.74,147.59,148.3,-4.15
2022-04-22,148.25,149.62,143.7,144.35,-2.63
2022-04-25,144.02,146.22,142.31,146.07,1.42
2022-04-26,144.8,144.86,138.93,139.39,-3.74
2022-04-27,140.19,141.95,135.78,138.17,-1.44
2022-04-28,142.18,145.94,140.3,144.6,1.7
2022-04-29,129.85,130.76,121.62,124.28,-4.29
2022-05-02,122.4,124.67,118.38,124.5,1.71
2022-05-03,124.05,126.22,122.82,124.25,0.16
2022-05-04,123.6,126.0,119.18,125.93,1.88
2022-05-05,123.0,123.5,115.07,116.41,-5.36
2022-05-06,114.85,119.05,113.08,114.77,-0.07
2022-05-09,111.31,114.0,107.96,108.79,-2.27
2022-05-10,111.25,112.64,107.17,108.86,-2.15
2022-05-11,108.1,110.16,104.43,105.37,-2.53
2022-05-12,102.75,110.78,102.41,106.93,4.07
2022-05-13,109.07,113.18,107.8,113.06,3.65
2022-05-16,113.1,113.99,110.35,110.81,-2.02
2022-05-17,113.28,115.8,111.28,115.37,1.85
2022-05-18,111.44,112.85,106.25,107.11,-3.88
2022-05-19,106.28,110.03,106.19,107.32,0.98
2022-05-20,109.57,109.9,105.01,107.59,-1.8
2022-05-23,108.46,108.82,103.95,107.56,-0.83
2022-05-24,104.03,105.4,101.26,104.1,0.07
2022-05-25,103.66,108.18,103.65,106.78,3.01
2022-05-26,107.97,112.67,107.45,111.08,2.88
2022-05-27,113.55,115.19,112.63,115.15,1.41
2022-05-31,116.28,121.99,115.68,120.21,3.38
2022-06-01,122.26,125.18,120.62,121.68,-0.47
2022-06-02,121.68,125.61,120.04,125.51,3.15
2022-06-03,124.2,124.4,121.05,122.35,-1.49
2022-06-06,125.25,128.99,123.81,124.79,-0.37
2022-06-07,122.01,124.1,120.63,123.0,0.81
2022-06-08,122.61,123.75,120.75,121.18,-1.17
2022-06-09,119.99,121.3,116.1,116.15,-3.2
2022-06-10,113.42,114.5,109.05,109.65,-3.32
2022-06-13,104.19,106.54,101.86,103.67,-0.5
2022-06-14,104.19,104.88,101.43,102.31,-1.8
2022-06-15,103.86,109.06,103.53,107.67,3.67
2022-06-16,104.47,104.58,102.01,103.66,-0.78
2022-06-17,102.8,106.98,102.51,106.22,3.33
2022-06-21,108.2,111.63,103.56,108.68,0.44
2022-06-22,107.43,112.13,107.02,108.95,1.41
2022-06-23,110.39,113.0,107.93,112.44,1.86
2022-06-24,112.38,116.71,111.43,116.46,3.63
2022-06-27,117.09,117.98,112.7,113.22,-3.31
2022-06-28,113.5,114.85,107.04,107.4,-5.37
2022-06-29,107.38,110.99,106.91,108.92,1.43
2022-06-30,108.11,108.18,102.52,106.21,-1.76
2022-07-01,106.29,109.75,105.85,109.56,3.08
2022-07-05,107.6,114.08,106.32,113.5,5.48
2022-07-06,113.21,115.48,112.01,114.33,0.99
2022-07-07,113.85,116.99,113.49,116.33,2.18
2022-07-08,114.6,116.58,113.69,115.54,0.82
2022-07-11,114.08,114.3,110.87,111.75,-2.04
2022-07-12,112.16,113.23,108.34,109.22,-2.62
2022-07-13,107.03,111.78,106.01,110.4,3.15
2022-07-14,110.24,111.18,107.58,110.63,0.35
2022-07-15,112.5,115.59,111.59,113.55,0.93
2022-07-18,115.0,117.24,113.15,113.76,-1.08
2022-07-19,115.7,118.95,114.03,118.21,2.17
2022-07-20,118.62,123.48,118.32,122.77,3.5
2022-07-21,123.2,124.85,121.26,124.63,1.16
2022-07-22,125.01,125.5,121.35,122.42,-2.07
2022-07-25,122.7,123.64,120.03,121.14,-1.27
2022-07-26,115.79,118.15,114.53,114.81,-0.85
2022-07-27,117.31,121.9,117.16,120.97,3.12
2022-07-28,121.57,122.84,118.08,122.28,0.58
2022-07-29,134.9,137.65,132.41,134.95,0.04
2022-08-01,134.96,138.83,133.51,135.39,0.32
2022-08-02,134.72,137.44,134.09,134.16,-0.42
2022-08-03,136.21,140.49,136.05,139.52,2.43
2022-08-04,140.58,143.56,139.55,142.57,1.42
2022-08-05,140.1,142.86,139.6,140.8,0.5
2022-08-08,142.05,144.23,138.29,139.41,-1.86
2022-08-09,138.05,138.95,136.21,137.83,-0.16
2022-08-10,142.9,144.6,141.01,142.69,-0.15
2022-08-11,143.86,144.49,139.76,140.64,-2.24
2022-08-12,142.05,143.57,140.12,143.55,1.06
2022-08-15,142.8,143.76,141.49,143.18,0.27
2022-08-16,143.91,146.57,142.0,144.78,0.6
2022-08-17,142.69,143.38,140.78,142.1,-0.41
2022-08-18,141.32,142.77,140.38,142.3,0.69
2022-08-19,140.47,141.11,137.91,138.23,-1.59
2022-08-22,135.72,136.32,132.85,133.22,-1.84
2022-08-23,133.41,134.99,132.95,133.62,0.16
2022-08-24,132.75,135.47,132.1,133.8,0.79
2022-08-25,135.26,137.42,134.28,137.28,1.49
2022-08-26,136.55,137.83,130.5,130.75,-4.25
2022-08-29,129.9,131.95,128.77,129.79,-0.08
2022-08-30,131.25,132.07,126.85,128.73,-1.92
2022-08-31,129.45,130.59,126.74,126.77,-2.07
2022-09-01,126.0,128.02,123.66,127.82,1.44
2022-09-02,129.5,131.38,126.39,127.51,-1.54
2022-09-06,127.92,128.62,124.74,126.11,-1.41
2022-09-07,126.12,129.82,125.4,129.48,2.66
2022-09-08,127.72,130.28,127.1,129.82,1.64
2022-09-09,130.91,133.69,130.76,133.27,1.8
2022-09-12,134.1,136.49,134.0,136.45,1.75
2022-09-13,131.01,131.4,126.27,126.82,-3.2
2022-09-14,127.36,128.84,126.33,128.55,0.93
2022-09-15,127.38,130.37,125.5,126.28,-0.86
2022-09-16,122.78,123.87,120.7,123.53,0.61
2022-09-19,122.16,124.71,121.8,124.66,2.05
2022-09-20,123.35,124.4,121.14,122.19,-0.94
2022-09-21,122.49,123.76,118.45,118.54,-3.22
2022-09-22,117.08,118.79,116.26,117.31,0.2
2022-09-23,116.0,116.05,112.06,113.78,-1.91
2022-09-26,113.3,117.34,113.13,115.15,1.63
2022-09-27,117.2,118.32,113.05,114.41,-2.38
2022-09-28,114.38,118.7,113.8,118.01,3.17
2022-09-29,115.6,116.07,113.06,114.8,-0.69
2022-09-30,114.08,116.92,112.84,113.0,-0.95
2022-10-03,113.58,116.91,112.45,115.88,2.02
2022-10-04,119.89,123.0,119.79,121.09,1.0
2022-10-05,118.58,121.75,117.69,120.95,2.0
2022-10-06,120.77,121.53,119.5,120.3,-0.39
2022-10-07,118.0,118.17,113.88,114.56,-2.92
2022-10-10,115.1,116.25,112.43,113.67,-1.24
2022-10-11,112.71,115.48,110.39,112.21,-0.44
2022-10-12,112.49,113.83,111.4,112.9,0.36
2022-10-13,107.88,113.44,105.35,112.53,4.31
2022-10-14,114.1,114.96,106.6,106.9,-6.31
2022-10-17,110.11,114.19,110.09,113.79,3.34
2022-10-18,119.06,119.52,114.79,116.36,-2.27
2022-10-19,114.71,116.59,113.22,115.07,0.31
2022-10-20,113.83,118.24,113.51,115.25,1.25
2022-10-21,114.79,119.59,114.5,119.32,3.95
2022-10-24,119.98,120.39,116.57,119.82,-0.13
2022-10-25,119.65,121.32,118.95,120.6,0.79
2022-10-26,116.0,119.35,114.76,115.66,-0.29
2022-10-27,113.92,114.12,109.77,110.96,-2.6
2022-10-28,97.91,103.96,97.66,103.41,5.62
2022-10-31,103.56,104.87,100.74,102.44,-1.08
2022-11-01,103.99,104.58,96.06,96.79,-6.92
2022-11-02,97.32,97.74,92.01,92.12,-5.34
2022-11-03,92.47,93.5,89.02,89.3,-3.43
2022-11-04,91.49,92.44,88.04,90.98,-0.56
2022-11-07,91.95,92.1,89.04,90.53,-1.54
2022-11-08,90.79,91.72,88.23,89.98,-0.89
2022-11-09,89.47,89.48,85.87,86.14,-3.72
2022-11-10,92.94,98.69,91.65,96.63,3.97
2022-11-11,97.88,101.19,96.66,100.79,2.97
2022-11-14,98.77,100.12,97.29,98.49,-0.28
2022-11-15,103.21,103.79,97.34,98.94,-4.14
2022-11-16,96.85,98.49,95.54,97.12,0.28
2022-11-17,95.37,96.97,94.03,94.85,-0.55
2022-11-18,95.95,95.99,92.48,94.14,-1.89
2022-11-21,93.97,95.02,90.59,92.46,-1.61
2022-11-22,92.62,93.35,90.87,93.2,0.63
2022-11-23,93.24,94.58,92.83,94.13,0.95
2022-11-25,93.79,94.43,93.07,93.41,-0.41
2022-11-28,93.93,96.4,93.43,93.95,0.02
2022-11-29,94.04,94.41,91.44,92.42,-1.72
2022-11-30,92.47,96.54,91.53,96.54,4.4
2022-12-01,96.99,97.23,94.92,95.5,-1.54
2022-12-02,94.48,95.36,93.78,94.13,-0.37
2022-12-05,93.05,94.06,90.82,91.01,-2.19
2022-12-06,90.5,91.04,87.9,88.25,-2.49
2022-12-07,88.34,89.89,87.48,88.46,0.14
2022-12-08,89.24,90.86,87.88,90.35,1.24
2022-12-09,88.9,90.3,88.63,89.09,0.21
2022-12-12,89.21,90.58,87.87,90.55,1.5
2022-12-13,95.23,96.25,90.52,92.49,-2.88
2022-12-14,92.5,93.46,89.87,91.58,-0.99
2022-12-15,89.89,89.97,87.47,88.45,-1.6
2022-12-16,88.27,89.35,86.73,87.86,-0.46
2022-12-19,87.51,87.63,84.51,84.92,-2.96
2022-12-20,85.33,86.61,84.33,85.19,-0.16
2022-12-21,86.18,87.23,85.21,86.77,0.68
2022-12-22,85.52,85.68,82.25,83.79,-2.02
2022-12-23,83.25,85.78,82.93,85.25,2.4
2022-12-27,84.97,85.35,83.0,83.04,-2.27
2022-12-28,82.8,83.48,81.69,81.82,-1.18
2022-12-29,82.87,84.55,82.55,84.18,1.58
2022-12-30,83.12,84.05,82.47,84.0,1.06
2023-01-03,85.46,86.96,84.21,85.82,0.42
2023-01-04,86.55,86.98,83.36,85.14,-1.63
2023-01-05,85.33,85.42,83.07,83.12,-2.59
2023-01-06,83.03,86.4,81.43,86.08,3.67
2023-01-09,87.46,89.48,87.08,87.36,-0.11
2023-01-10,87.57,90.19,87.29,89.87,2.63
2023-01-11,90.93,95.26,90.93,95.09,4.57
2023-01-12,96.93,97.19,93.5,95.27,-1.71
2023-01-13,94.18,98.37,94.12,98.12,4.18
2023-01-17,98.68,98.89,95.73,96.05,-2.67
2023-01-18,97.25,99.32,95.38,95.46,-1.84
2023-01-19,94.74,95.44,92.86,93.68,-1.12
2023-01-20,93.86,97.35,93.2,97.25,3.61
2023-01-23,97.56,97.78,95.86,97.52,-0.04
2023-01-24,96.93,98.09,96.0,96.32,-0.63
2023-01-25,92.56,97.24,91.52,97.18,4.99
2023-01-26,98.24,99.49,96.92,99.22,1.0
2023-01-27,99.53,103.49,99.53,102.24,2.72
2023-01-30,101.09,101.74,99.01,100.55,-0.53
2023-01-31,101.16,103.35,101.14,103.13,1.95
2023-02-01,102.53,106.24,101.24,105.15,2.56
2023-02-02,110.25,114.0,108.88,112.91,2.41
2023-02-03,105.26,108.78,102.52,103.39,-1.78
2023-02-06,102.93,103.95,100.65,102.18,-0.73
2023-02-07,101.17,102.41,98.08,102.11,0.93
2023-02-08,102.04,102.67,98.78,100.05,-1.95
2023-02-09,101.32,101.78,97.57,98.24,-3.04
2023-02-10,97.56,98.82,96.23,97.61,0.05
2023-02-13,97.85,99.68,96.91,99.54,1.73
2023-02-14,98.41,100.92,97.52,99.7,1.31
2023-02-15,99.09,101.17,98.45,101.16,2.09
2023-02-16,99.21,100.63,98.1,98.15,-1.07
2023-02-17,97.8,97.94,95.65,97.2,-0.61
2023-02-21,95.34,95.61,94.27,94.58,-0.8
2023-02-22,95.1,97.01,94.8,95.79,0.73
2023-02-23,96.12,96.43,93.67,95.82,-0.31
2023-02-24,93.53,94.14,92.32,93.5,-0.03
2023-02-27,94.28,94.78,93.14,93.76,-0.55
2023-02-28,93.14,94.69,92.92,94.23,1.17
2023-03-01,93.87,94.68,91.59,92.17,-1.81
2023-03-02,91.41,92.23,90.39,92.13,0.79
2023-03-03,92.74,94.94,92.66,94.9,2.33
2023-03-06,95.19,96.55,93.74,93.75,-1.51
2023-03-07,94.06,95.09,92.78,93.55,-0.54
2023-03-08,93.6,94.17,92.18,93.92,0.34
2023-03-09,93.68,96.21,92.18,92.25,-1.53
2023-03-10,92.67,93.57,90.25,90.73,-2.09
2023-03-13,89.97,94.02,88.12,92.43,2.73
2023-03-14,93.83,95.07,92.71,94.88,1.12
2023-03-15,93.22,96.67,93.07,96.2,3.2
2023-03-16,95.75,100.99,95.61,100.04,4.48
2023-03-17,99.79,100.66,97.46,98.95,-0.84
2023-03-20,98.41,98.48,95.7,97.71,-0.71
2023-03-21,98.14,100.85,98.0,100.61,2.52
2023-03-22,100.45,102.1,98.61,98.7,-1.74
2023-03-23,100.43,101.06,97.62,98.71,-1.71
2023-03-24,98.07,98.3,96.4,98.13,0.06
2023-03-27,99.07,99.34,97.08,98.04,-1.04
2023-03-28,98.11,98.44,96.29,97.24,-0.89
2023-03-29,98.69,100.42,98.56,100.25,1.58
2023-03-30,101.55,103.04,101.01,102.0,0.44
2023-03-31,102.16,103.49,101.95,103.29,1.11
2023-04-03,102.3,103.29,101.43,102.41,0.11
2023-04-04,102.75,104.2,102.11,103.95,1.17
2023-04-05,103.91,103.91,100.75,101.1,-2.7
2023-04-06,100.75,102.38,99.8,102.06,1.3
2023-04-10,100.96,102.2,99.57,102.17,1.2
2023-04-11,100.8,101.0,99.01,99.92,-0.87
2023-04-12,100.4,100.51,97.71,97.83,-2.56
2023-04-13,98.95,102.57,98.71,102.4,3.49
2023-04-14,102.07,103.2,101.11,102.51,0.43
2023-04-17,103.16,103.73,101.59,102.74,-0.41
2023-04-18,103.95,104.2,101.52,102.3,-1.59
2023-04-19,101.58,105.12,101.39,104.3,2.68
2023-04-20,103.53,105.25,103.21,103.81,0.27
2023-04-21,106.1,108.15,105.08,106.96,0.81
2023-04-24,107.66,109.23,105.07,106.21,-1.35
2023-04-25,104.91,105.45,102.45,102.57,-2.23
2023-04-26,105.04,106.62,104.1,104.98,-0.06
2023-04-27,108.16,110.86,106.8,109.82,1.53
2023-04-28,107.73,109.48,104.33,105.45,-2.12
2023-05-01,104.95,105.23,101.82,102.05,-2.76
2023-05-02,101.47,103.9,101.15,103.63,2.13
2023-05-03,103.74,105.96,103.28,103.65,-0.09
2023-05-04,104.04,105.39,103.31,104.0,-0.04
2023-05-05,104.27,105.76,103.55,105.66,1.33
2023-05-08,105.04,106.1,104.7,105.83,0.75
2023-05-09,105.48,106.79,105.16,106.62,1.08
2023-05-10,108.1,110.67,108.05,110.19,1.93
2023-05-11,111.03,113.28,110.49,112.18,1.04
2023-05-12,112.16,112.64,109.32,110.26,-1.69
2023-05-15,111.15,112.29,109.25,111.2,0.04
2023-05-16,111.05,114.79,111.05,113.4,2.12
2023-05-17,114.89,115.83,114.22,115.5,0.53
2023-05-18,116.69,118.6,116.34,118.15,1.25
2023-05-19,118.16,118.31,115.7,116.25,-1.62
2023-05-22,116.77,116.77,114.25,115.01,-1.51
2023-05-23,114.27,117.14,113.78,114.99,0.63
2023-05-24,115.35,117.34,115.02,116.75,1.21
2023-05-25,116.63,116.87,114.31,115.0,-1.4
2023-05-26,116.04,121.5,116.02,120.11,3.51
2023-05-30,122.37,122.92,119.86,121.66,-0.58
2023-05-31,121.45,122.04,119.17,120.58,-0.72
2023-06-01,120.69,123.49,119.93,122.77,1.72
2023-06-02,124.92,126.39,124.02,124.25,-0.54
2023-06-05,123.36,125.8,123.03,125.3,1.57
2023-06-06,125.07,127.4,125.0,126.61,1.23
2023-06-07,127.01,127.37,120.63,121.23,-4.55
2023-06-08,123.01,125.63,122.26,124.25,1.01
2023-06-09,124.08,125.8,123.19,123.43,-0.52
2023-06-12,124.02,126.78,123.53,126.57,2.06
2023-06-13,128.12,128.41,125.18,126.66,-1.14
2023-06-14,126.7,126.95,124.12,126.42,-0.22
2023-06-15,125.21,127.69,124.32,127.11,1.52
2023-06-16,127.71,127.9,125.3,125.49,-1.74
2023-06-20,124.97,127.25,124.5,125.78,0.65
2023-06-21,125.64,126.73,123.85,124.83,-0.64
2023-06-22,125.31,130.33,125.14,130.15,3.86
2023-06-23,129.11,130.84,128.28,129.33,0.17
2023-06-26,129.33,131.49,127.1,127.33,-1.55
2023-06-27,128.63,130.09,127.55,129.18,0.43
2023-06-28,128.94,131.48,128.44,129.04,0.08
2023-06-29,128.77,129.26,127.26,127.9,-0.68
2023-06-30,129.47,131.25,128.95,130.36,0.69
2023-07-03,130.82,131.85,130.07,130.22,-0.46
2023-07-05,130.24,131.4,129.64,130.38,0.11
2023-07-06,128.25,128.73,127.37,128.36,0.09
2023-07-07,128.59,130.97,128.13,129.78,0.93
2023-07-10,129.07,129.28,125.92,127.13,-1.5
2023-07-11,127.75,129.77,127.35,128.78,0.81
2023-07-12,130.31,131.26,128.83,130.8,0.38
2023-07-13,134.04,134.67,132.71,134.3,0.19
2023-07-14,134.06,136.65,134.06,134.68,0.46
2023-07-17,134.56,135.62,133.21,133.56,-0.74
2023-07-18,132.71,133.86,131.35,132.83,0.09
2023-07-19,133.39,135.99,132.53,135.36,1.48
2023-07-20,134.07,134.79,129.33,129.96,-3.07
2023-07-21,131.34,131.37,128.42,130.0,-1.02
2023-07-24,130.31,131.66,128.35,128.8,-1.16
2023-07-25,129.31,129.58,128.53,129.13,-0.14
2023-07-26,126.51,129.08,126.11,128.15,1.3
2023-07-27,131.0,132.63,127.79,128.25,-2.1
2023-07-28,129.69,133.01,129.33,132.21,1.94
2023-07-31,133.2,133.87,132.38,133.68,0.36
2023-08-01,133.55,133.69,131.62,131.69,-1.39
2023-08-02,130.15,130.23,126.82,128.21,-1.49
2023-08-03,127.48,129.84,126.41,128.91,1.12
2023-08-04,141.06,143.63,139.32,139.57,-1.06
2023-08-07,140.99,142.54,138.95,142.22,0.87
2023-08-08,140.62,140.84,138.42,139.94,-0.48
2023-08-09,139.97,140.32,137.1,137.85,-1.51
2023-08-10,139.07,140.41,137.49,138.56,-0.37
2023-08-11,137.4,139.33,137.0,138.41,0.74
2023-08-14,138.3,140.59,137.75,140.57,1.64
2023-08-15,140.05,141.28,137.23,137.67,-1.7
2023-08-16,137.19,137.27,135.01,135.07,-1.55
2023-08-17,135.46,136.09,133.53,133.98,-1.09
2023-08-18,131.62,134.07,131.15,133.22,1.22
2023-08-21,133.74,135.19,132.71,134.68,0.7
2023-08-22,135.08,135.65,133.73,134.25,-0.61
2023-08-23,134.5,135.95,133.22,135.52,0.76
2023-08-24,136.4,136.78,131.83,131.84,-3.34
2023-08-25,132.47,133.87,130.58,133.26,0.6
2023-08-28,133.78,133.95,131.85,133.14,-0.48
2023-08-29,133.38,135.14,133.25,134.91,1.15
2023-08-30,134.93,135.68,133.92,135.07,0.1
2023-08-31,135.06,138.79,135.0,138.01,2.18
2023-09-01,139.46,139.96,136.88,138.12,-0.96
2023-09-05,137.73,137.8,135.82,137.27,-0.33
2023-09-06,136.32,137.45,134.61,135.36,-0.7
2023-09-07,133.9,138.03,133.16,137.85,2.95
2023-09-08,136.86,138.85,136.75,138.23,1.0
2023-09-11,138.75,143.62,138.64,143.1,3.14
2023-09-12,142.32,143.0,140.61,141.23,-0.77
2023-09-13,140.95,144.98,140.87,144.85,2.77
2023-09-14,145.08,145.86,142.95,144.72,-0.25
2023-09-15,142.69,143.57,140.09,140.39,-1.61
2023-09-18,140.48,141.75,139.22,139.98,-0.36
2023-09-19,138.7,138.84,135.56,137.63,-0.77
2023-09-20,138.55,139.37,135.2,135.29,-2.35
2023-09-21,131.94,132.24,129.31,129.33,-1.98
2023-09-22,131.11,132.03,128.52,129.12,-1.52
2023-09-25,129.36,131.78,128.77,131.27,1.48
2023-09-26,130.12,130.39,125.28,125.98,-3.18
2023-09-27,125.76,127.48,124.13,125.98,0.17
2023-09-28,124.04,126.58,123.04,125.98,1.56
2023-09-29,128.2,129.15,126.32,127.12,-0.84
2023-10-02,127.28,130.47,126.54,129.46,1.71
2023-10-03,128.06,128.52,124.25,124.72,-2.61
2023-10-04,126.06,127.36,125.68,127.0,0.75
2023-10-05,126.71,126.73,124.33,125.96,-0.59
2023-10-06,124.16,128.45,124.13,127.96,3.06
2023-10-09,126.22,128.79,124.76,128.26,1.62
2023-10-10,128.82,130.74,128.05,129.48,0.51
2023-10-11,129.74,132.05,129.61,131.83,1.61
2023-10-12,132.17,134.48,131.23,132.33,0.12
2023-10-13,132.98,133.31,128.95,129.79,-2.4
2023-10-16,130.69,133.07,130.43,132.55,1.42
2023-10-17,130.39,132.58,128.71,131.47,0.83
2023-10-18,129.9,130.67,127.51,128.13,-1.36
2023-10-19,130.57,132.24,127.47,128.4,-1.66
2023-10-20,128.05,128.17,124.97,125.17,-2.25
2023-10-23,124.63,127.88,123.98,126.56,1.55
2023-10-24,127.74,128.8,126.34,128.56,0.64
2023-10-25,126.04,126.34,120.79,121.39,-3.69
2023-10-26,120.63,121.64,118.35,119.57,-0.88
2023-10-27,126.2,130.02,125.52,127.74,1.22
2023-10-30,129.72,133.0,128.56,132.71,2.3
2023-10-31,132.75,133.57,131.71,133.09,0.26
2023-11-01,133.96,137.35,133.71,137.0,2.27
2023-11-02,138.73,138.81,136.47,138.07,-0.48
2023-11-03,138.99,139.49,137.45,138.6,-0.28
2023-11-06,138.76,140.73,138.36,139.74,0.71
2023-11-07,140.55,143.37,140.5,142.71,1.54
2023-11-08,142.97,143.12,141.22,142.08,-0.62
2023-11-09,142.02,142.65,139.84,140.6,-1.0
2023-11-10,140.46,143.65,139.91,143.56,2.21
2023-11-13,142.08,143.23,140.67,142.59,0.36
2023-11-14,145.0,147.26,144.68,145.8,0.55
2023-11-15,147.06,147.29,142.59,143.2,-2.62
2023-11-16,140.91,143.32,139.52,142.83,1.36
2023-11-17,142.66,145.23,142.54,145.18,1.77
2023-11-20,145.13,146.63,144.73,146.13,0.69
2023-11-21,143.91,144.05,141.5,143.9,-0.01
2023-11-22,144.57,147.74,144.57,146.71,1.48
2023-11-24,146.7,147.2,145.32,146.74,0.03
2023-11-27,147.53,149.26,146.88,147.73,0.14
2023-11-28,146.98,147.6,145.53,147.03,0.03
2023-11-29,147.85,148.54,145.97,146.32,-1.03
2023-11-30,144.76,146.93,144.33,146.09,0.92
2023-12-01,146.0,147.25,145.55,147.03,0.71
2023-12-04,145.25,145.35,142.81,144.84,-0.28
2023-12-05,143.55,148.57,143.13,146.88,2.32
2023-12-06,147.58,147.85,144.28,144.52,-2.07
2023-12-07,146.15,147.92,145.34,146.88,0.5
2023-12-08,145.48,147.84,145.4,147.42,1.33
2023-12-11,145.66,146.19,143.64,145.89,0.16
2023-12-12,145.52,147.5,145.3,147.48,1.35
2023-12-13,148.12,149.46,146.82,148.84,0.49
2023-12-14,149.93,150.54,145.52,147.42,-1.67
2023-12-15,148.38,150.57,147.88,149.97,1.07
2023-12-18,150.56,154.85,150.05,154.07,2.33
2023-12-19,154.4,155.12,152.69,153.79,-0.4
2023-12-20,152.9,155.63,151.56,152.12,-0.51
2023-12-21,153.3,153.97,152.1,153.84,0.35
2023-12-22,153.77,154.35,152.71,153.42,-0.23
2023-12-26,153.56,153.98,153.03,153.41,-0.1
2023-12-27,153.56,154.78,153.12,153.34,-0.14
2023-12-28,153.72,154.08,152.95,153.38,-0.22
2023-12-29,153.1,153.89,151.03,151.94,-0.76
2024-01-02,151.54,152.38,148.39,149.93,-1.06
2024-01-03,149.2,151.05,148.33,148.47,-0.49
2024-01-04,145.59,147.38,144.05,144.57,-0.7
2024-01-05,144.69,146.59,144.53,145.24,0.38
2024-01-08,146.74,149.4,146.15,149.1,1.61
2024-01-09,148.33,151.71,148.21,151.37,2.05
2024-01-10,152.06,154.42,151.88,153.73,1.1
2024-01-11,155.04,157.17,153.12,155.18,0.09
2024-01-12,155.39,156.2,154.01,154.62,-0.5
2024-01-16,153.53,154.99,152.15,153.16,-0.24
2024-01-17,151.49,152.15,149.91,151.71,0.15
2024-01-18,152.77,153.78,151.82,153.5,0.48
2024-01-19,153.83,155.76,152.74,155.34,0.98
2024-01-22,156.89,157.05,153.9,154.78,-1.34
2024-01-23,154.85,156.21,153.93,156.02,0.76
2024-01-24,157.8,158.51,156.48,156.87,-0.59
2024-01-25,156.95,158.51,154.55,157.75,0.51
2024-01-26,158.42,160.72,157.91,159.12,0.44
2024-01-29,159.34,161.29,158.9,161.26,1.2
